Time,Die,Zeit,Zeiten
Man,Der,Mann,Männer
Hand,Die,Hand,Hände
Day,Der,Tag,Tagen
Way,Der,Weg,Wege
Eye,Das,Auge,Augen
Thing,Das,Ding,Dinge
Head,Der,Kopf,Köpfe
Year,Das,Jahr,Jahre
Room,Der,Raum,Räume
Door,Die,Tür,Türen
Woman,Die,Frau,Frauen
Face,Das,Gesicht,Gesichter
Mother,Die,Mutter,Mütter
People,Das,Volk,Völker
Night,Die,Nacht,Nächte
House,Das,Haus,Häuser
Father,Der,Vater,Väter
Life,Das,Leben,Leben
Back,Der,Rücken,Rücken
Voice,Die,Stimme,Stimmen
Girl,Das,Mädchen,Mädchen
Place,Der,Ort,Orte
Boy,Der,Junge,Jungen
Car,Das,Auto,Autos
Side,Die,Seite,Seiten
Arm,Der,Arm,Arme
Child,Das,Kind,Kinder
Word,Das,Wort,Worte
Moment,Der,Moment,Momente
Hair,Das,Haar,Haare
Foot,Der,Fuß,Füße
Water,Das,Wasser,Wasser
Light,Das,Licht,Lichter
World,Die,Welt,Welt
Name,Der,Name,Namen
Friend,Der,Freund,Freunde
Window,Das,Fenster,Fenster
Body,Der,Körper,Körper
Table,Der,Tisch,Tabellen
Morning,Der,Morgen,Morgen
Bed,Das,Bett,Betten
Wall,Die,Mauer,Wände
Street,Die,Straße,Straßen
School,Die,Schule,Schulen
Air,Die,Luft,Lüfte
Floor,Der,Boden,Böden
Hour,Die,Stunde,Stunden
End,Das,Ende,Enden
Family,Die,Familie,Familien
Guy,Der,Kerl,Kerle
Kind,Die,Art,Arten
Minute,Die,Minute,Minuten
Story,Die,Geschichte,Geschichten
God,Der,Gott,Götter
Week,Die,Woche,Wochen
Work,Die,Arbeit,Werke
Shoulder,Die,Schulter,Schultern
Part,Der,Teil,Teile
Mind,Der,Geist,Gemüter
Book,Das,Buch,Bücher
Finger,Der,Finger,Finger
Mouth,Der,Mund,Mündungen
Kid,Das,Kind,Kinder
Glass,Das,Glas,Brille
Tree,Der,Baum,Bäume
Sound,Der,Klang,Geräusche
Line,Die,Linie,Linien
Wife,Die,Ehefrau,Ehefrauen
Heart,Das,Herz,Herzen
Money,Das,Geld,Gelder
Phone,Das,Telefon,Telefone
Look,Das,Aussehen,Blicke
Leg,Das,Bein,Beine
Chair,Der,Stuhl,Stühle
Office,Das,Büro,Büros
Brother,Der,Bruder,Brüder
Question,Die,Frage,Fragen
City,Die,Stadt,Städte
Month,Der,Monat,Monate
Baby,Das,Baby,Babys
Dog,Der,Hund,Hunde
Road,Die,Straße,Straßen
Idea,Die,Idee,Ideen
Kitchen,Die,Küche,Küchen
Lot,Das,Los,Lose
Son,Der,Sohn,Söhne
Job,Der,Beruf,Jobs
Paper,Das,Papier,Papiere
Sister,Die,Schwester,Schwestern
Smile,Das,Lächeln,Lächeln
Point,Der,Punkt,Punkte
Thought,Der,Gedanke,Gedanken
Love,Die,Liebe,Liebe
Death,Der,Tod,Tode
Ground,Der,Boden,Böden
Others,Die,Anderen,
Fire,Das,Feuer,Feuer
Step,Der,Schritt,Schritte
Blood,Das,Blut,Blute
Fact,Der,Fakt,Fakten
Breath,Der,Atem,Atem
Lip,Die,Lippe,Lippen
Sun,Die,Sonne,Sonnen
Building,Das,Gebäude,Gebäude
Number,Die,Anzahl,Nummern
Husband,Der,Ehemann,Ehemänner
Parent,Das,Elternteil,Eltern
Corner,Die,Ecke,Ecken
Problem,Das,Problem,Probleme
Couple,Das,Ehepaar,Paare
Daughter,Die,Tochter,Töchter
Bag,Der,Beutel,Taschen
Hell,Die,Hölle,Höllen
Rest,Die,Rast,Reste
Business,Das,Geschäft,Unternehmen
Sky,Der,Himmel,Himmel
Box,Die,Kiste,Boxs
Person,Die,Person,Personen
Reason,Der,Grund,Gründe
Right,Das,Recht,Rechte
Skin,Die,Haut,Häute
Dad,Der,Vater,Väter
Case,Der,Fall,Fälle
Piece,Das,Stück,Stücke
Doctor,Der,Doktor,Doktoren
Edge,Die,Ecke,Kanten
Mom,Die,Mama,Mütter
Picture,Das,Bild,Bilder
Sense,Der,Sinn,Sinne
Ear,Das,Ohr,Ohren
Second,Der,Zweite,Sekunden
Lady,Die,Dame,Damen
Neck,Der,Hals,Hälse
Wind,Der,Wind,Winde
Desk,Der,Schreibtisch,Schreibtische
Gun,Die,Waffe,Waffen
Stone,Der,Stein,Steine
Coffee,Der,Kaffee,Kaffee
Ship,Das,Schiff,Schiffe
Earth,Die,Erde,Erden
Food,Das,Essen,Essen
Horse,Das,Pferd,Pferde
Field,Das,Feld,Felder
War,Der,Krieg,Kriege
Afternoon,Der,Nachmittag,Nachmittage
Space,Der,Raum,Räume
Evening,Der,Abend,Abende
Letter,Der,Brief,Briefe
Bar,Die,Bar,Bars
Dream,Der,Traum,Träume
Apartment,Die,Wohnung,Wohnungen
Chest,Die,Brust,Truhen
Game,Das,Spiel,Spiele
Summer,Der,Sommer,Sommer
Matter,Der,Grund,Angelegenheiten
Silence,Die,Stille,Stille
Top,Die,Spitze,Spitzen
Rock,Der,Fels,Steine
Power,Die,Macht,Befugnisse
Clothes,Die,Kleider,Clotheses
Sign,Das,Schild,Zeichen
Attention,Die,Aufmerksamkeit,Aufmerksamkeit
Music,Die,Musik,Musiken
State,Der,Staat,Staaten
Pocket,Die,Tasche,Taschen
Dinner,Das,Abendessen,Abendessen
Hall,Die,Halle,Hallen
Pain,Der,Schmerz,Schmerzen
Age,Das,Alter,Alter
River,Der,Fluss,Flüsse
Chance,Die,Chance,Chancen
Nose,Die,Nase,Nasen
Shadow,Der,Schatten,Schatten
Police,Die,Polizei,Politiken
Memory,Das,Gedächtnis,Erinnerungen
Color,Die,Farbe,Farben
Knee,Das,Knie,Knie
Wood,Das,Holz,Wald
Shirt,Das,Hemd,Hemden
Party,Die,Party,Parteien
Country,Das,Land,Länder
Truck,Der,Lkw,Lastwagen
Tooth,Der,Zahn,Tooths
Bill,Die,Rechnung,Rechnungen
Scene,Die,Szene,Szenen
Land,Das,Land,Ländereien
Star,Der,Stern,Sterne
Bird,Der,Vogel,Vögel
Bedroom,Das,Schlafzimmer,Schlafzimmer
Uncle,Der,Onkel,Onkel
Sort,Die,Art,Sorten
Group,Die,Gruppe,Gruppen
Truth,Die,Wahrheit,Wahrheiten
Trouble,Die,Schwierigkeiten,Probleme
Crowd,Die,Menge,Menschenmengen
Station,Der,Bahnhof,Stationen
Tear,Die,Reiß,Tränen
Class,Die,Klasse,Klassen
Sea,Das,Meer,Meere
Animal,Das,Tier,Tiere
Center,Das,Zentrum,Zentren
Feeling,Das,Gefühl,Gefühle
Store,Das,Geschäft,Läden
Mountain,Der,Berg,Berge
News,Die,Nachrichten,Newses
Shoe,Der,Schuh,Schuhe
Cat,Die,Katze,Katzen
Screen,Der,Bildschirm,Schirme
Bottle,Die,Flasche,Flaschen
Call,Der,Anruf,Anrufe
Living,Die,Lebenden,Livings
Cheek,Die,Wange,Wangen
Student,Der,Schüler,Studenten
Ball,Der,Ball,Bälle
Sight,Die,Sehenswürdigkeit,Sehenswürdigkeiten
Hill,Der,Hügel,Hügel
Company,Das,Unternehmen,Betriebe
Church,Die,Kirche,Kirchen
Rain,Der,Regen,Regenzeit
Suit,Der,Anzug,Anzüge
One,Der,Eine,Einen
Direction,Die,Richtung,Richtungen
Will,Der,Wille,Testamente
Throat,Der,Hals,Kehlen
Middle,Die,Mitte,Middles
Answer,Die,Antwort,Antworten
Stuff,Das,Zeug,Stoffe
Hospital,Das,Krankenhaus,Krankenhäuser
Camera,Die,Kamera,Kameras
Dress,Das,Kleid,Kleider
Card,Die,Karte,Karten
Yard,Der,Hof,Werften
Dark,Die,Dunkelheit,Dunkelheiten
Shit,Die,Scheiße,Scheiße
Image,Das,Bild,Bilder
Machine,Die,Maschine,Maschinen
Distance,Die,Distanz,Abstände
Area,Das,Gebiet,Bereiche
Narrator,Der,Erzähler,Erzähler
Ice,Das,Eis,Ices
Snow,Der,Schnee,Schnee
Note,Die,Notiz,Notizen
Mirror,Der,Spiegel,Spiegel
King,Der,König,Könige
Fear,Die,Angst,Ängste
Officer,Der,Offizier,Offiziere
Hole,Das,Loch,Löcher
Shot,Der,Schuss,Schüsse
Guard,Der,Wächter,Wachen
Conversation,Die,Unterhaltung,Gespräche
Boat,Das,Boot,Boote
System,Das,System,Systeme
Care,Die,Pflege,Sorgen
Bit,Die,Bit,Bits
Movie,Der,Film,Filme
Bone,Der,Knochen,Knochen
Page,Die,Seite,Seiten
Captain,Der,Kapitän,Kapitäne
Aunt,Die,Tante,Tanten
Darkness,Die,Dunkelheit,
Control,Die,Kontrolle,Kontrollen
Drink,Das,Getränk,Getränke
Hotel,Das,Hotel,Hotels
Coat,Der,Mantel,Mäntel
Stair,Die,Treppen,Treppe
Order,Die,Bestellung,Bestellungen
Rose,Die,Rose,Rosen
Miss,Die,Miss,Misses
Hat,Der,Hut,Hüte
Gold,Das,Gold,
Cigarette,Die,Zigarette,Zigaretten
Cloud,Die,Wolke,Wolken
View,Die,Aussicht,Ansichten
Driver,Der,Fahrer,Fahrer
Cup,Die,Tasse,Tassen
Figure,Die,Figur,Figuren
Expression,Der,Ausdruck,Ausdrücke
Path,Der,Pfad,Pfade
Key,Der,Schlüssel,Schlüssel
Computer,Der,Computer,Computer
Flower,Die,Blume,Blumen
Ring,Der,Ring,Ringe
Bathroom,Das,Bad,Badezimmer
Metal,Das,Metall,Metalle
Moon,Der,Mond,Monde
Song,Das,Lied,Lieder
Soldier,Der,Soldat,Soldaten
Radio,Das,Radio,Funkgeräte
History,Die,Geschichte,Geschichten
Wave,Die,Welle,Wellen
Plan,Der,Plan,Pläne
College,Das,College,Colleges
Fish,Der,Fisch,Fische
Garden,Der,Garten,Gärten
Train,Der,Zug,Züge
Shop,Das,Geschäft,Läden
Cop,Der,Polizist,Polizisten
Art,Die,Kunst,Künste
Beer,Das,Bier,Biere
North,Der,Norden,
Island,Die,Insel,Inseln
Bus,Der,Bus,Busse
Smell,Der,Geruch,Gerüche
Noise,Das,Geräusch,Geräusche
Mama,Die,Mama,Mamas
Park,Der,Park,Parks
South,Der,Süden,Souths
Pair,Das,Paar,Paare
Lord,Der,Herr,Herren
Plate,Der,Teller,Platten
Jacket,Die,Jacke,Jacken
Help,Die,Hilfe,Hilft
Daddy,Der,Papa,Väter
Grass,Das,Gras,Gräser
Thanks,Die,Dank,Thankses
Heat,Die,Hitze,Heats
Sleep,Der,Schlaf,Schlafplätze
Brain,Das,Gehirn,Gehirne
Service,Der,Service,Dienstleistungen
Trip,Die,Reise,Ausflüge
Beat,Der,Beat,Beats
Knife,Das,Messer,Messer
Spot,Der,Platz,Flecken
Message,Die,Nachricht,Nachrichten
Mark,Die,Note,Noten
Teacher,Der,Lehrer,Lehrer
Gaze,Der,Blick,Blicke
Village,Das,Dorf,Dörfer
Winter,Der,Winter,Winter
Front,Die,Front,Fronten
Law,Das,Gesetz,Gesetze
Surface,Die,Oberfläche,Oberflächen
Bank,Die,Bank,Banken
Team,Das,Team,Teams
Maximum,Das,Maximum,Maxima
Position,Die,Position,Positionen
Stomach,Der,Bauch,Mägen
Turn,Die,Wende,Windungen
West,Der,Westen,Wests
Lunch,Das,Mittagessen,Mittagessen
Change,Der,Wechsel,Veränderungen
Creature,Die,Kreatur,Kreaturen
Soul,Die,Seele,Seelen
Leaf,Das,Blatt,Blätter
Show,Die,Show,Shows
Gate,Das,Tor,Tore
Palm,Die,Palme,Handflächen
Plastic,Der,Kunststoff,Kunststoff
Force,Die,Kraft,Kräfte
Beach,Der,Strand,Strände
President,Der,Präsident,Präsidenten
Shape,Die,Form,Formen
Smoke,Der,Rauch,Raucht
Wheel,Das,Rad,Räder
Silver,Das,Silber,Silber
Roof,Das,Dach,Dächer
Weight,Das,Gewicht,Gewichte
Tongue,Die,Zunge,Zungen
Tea,Der,Tee,Tees
Track,Die,Strecke,Spuren
Angle,Der,Winkel,Winkel
Form,Die,Form,Formen
Tone,Der,Ton,Töne
Circle,Der,Kreis,Kreise
Spring,Der,Frühling,Federn
Porch,Die,Vorhalle,Veranden
Sheet,Das,Blatt,Blätter
Member,Das,Mitglied,Angehörigen
Pool,Das,Schwimmbecken,Pools
Need,Das,Bedürfnis,Bedürfnisse
Hope,Die,Hoffnung,Hoffnungen
Lake,Der,See,Seen
Breast,Die,Brust,Brüste
Surprise,Die,Überraschung,Überraschungen
Interest,Die,Interesse,Interessen
Bottom,Der,Boden,Böden
Spirit,Der,Geist,Geister
Block,Der,Block,Blöcke
Language,Die,Sprache,Sprachen
Bridge,Die,Brücke,Brücken
Dust,Der,Staub,
Cell,Die,Zelle,Zellen
Wine,Der,Wein,Weine
Boot,Das,Boot,Stiefel
Choice,Die,Wahl,Entscheidungen
Row,Die,Reihe,Reihen
Talk,Das,Gespräch,Gespräche
Plane,Das,Flugzeug,Flugzeuge
Watch,Die,Uhr,Uhren
Information,Die,Information,Informationen
Grandmother,Die,Großmutter,Großmütter
Wing,Der,Flügel,Flügel
Bob,Die,Bob,Bobs
Club,Der,Club,Vereine
Master,Der,Meister,Meister
Grace,Die,Gnade,Gnaden
Forest,Der,Wald,Wälder
Size,Die,Größe,Größen
Set,Der,Satz,Sätze
Marriage,Die,Ehe,Ehen
Forehead,Die,Stirn,Stirn
Storm,Der,Sturm,Stürme
Doorway,Die,Türöffnung,Türen
Situation,Die,Situation,Situationen
Counter,Der,Zähler,Zähler
Neighbor,Der,Nachbar,Nachbarn
Photo,Das,Foto,Fotos
Stage,Die,Bühne,Bühnen
Meeting,Das,Treffen,Treffen
Nurse,Die,Krankenschwester,Krankenschwestern
Security,Die,Sicherheit,
Weapon,Die,Waffe,Waffen
Event,Das,Ereignis,Ereignisse
Ceiling,Die,Decke,Decken
Engine,Der,Motor,Motoren
Gift,Das,Geschenk,Geschenke
Restaurant,Das,Restaurant,Restaurants
Board,Die,Brett,Bretter
Hallway,Der,Flur,Flure
Army,Die,Armee,Armeen
Effort,Der,Aufwand,Aufwände
East,Der,Osten,Easts
Agent,Der,Agent,Mittel
Future,Die,Zukunft,Futures
Pant,Die,Hose,Hose
Leather,Das,Leder,Leder
Flight,Der,Flug,Flüge
Sex,Das,Geschlecht,Geschlechter
Court,Das,Gericht,Gerichte
Course,Der,Kurs,Kurse
Dirt,Der,Dreck,Dirts
Egg,Das,Ei,Eier
Chin,Das,Kinn,Kinne
Stranger,Der,Fremde,Fremden
Pleasure,Die,Freude,Freuden
Detail,Das,Detail,Details
Crew,Die,Besatzung,Besatzungen
Fall,Der,Herbst,Wasserfälle
Guest,Der,Gast,Gäste
Experience,Das,Erlebnis,Erlebnisse
Joke,Der,Witz,Witze
Sand,Der,Sand,Sand
Fist,Die,Faust,Fäuste
Action,Die,Aktion,Aktionen
Walk,Das,Wandern,Wanderungen
Wedding,Die,Hochzeit,Hochzeiten
Deal,Das,Angebot,Angebote
Nature,Die,Natur,
Planet,Der,Planet,Planeten
Cousin,Der,Cousin,Cousinen
Movement,Die,Bewegung,Bewegungen
Flesh,Das,Fleisch,Konkretisiert
Record,Der,Datensatz,Datensätze
Camp,Das,Lager,Läger
Newspaper,Die,Zeitung,Zeitung
Ray,Der,Strahl,Strahlen
Human,Der,Mensch,Menschen
Couch,Das,Sofa,Sofas
Motion,Die,Bewegung,Bewegungen
Grandfather,Der,Großvater,Großväter
Photograph,Die,Fotografie,Fotografien
Secret,Das,Geheimnis,Geheimnisse
Beauty,Die,Schönheit,Schönheiten
Presence,Das,Vorhandensein,Präsenzen
Bell,Die,Glocke,Glocken
Folk,Die,Volks,Leute
Button,Der,Knopf,Knöpfe
List,Die,Liste,Listen
Level,Das,Level,Niveaus
Date,Das,Datum,Daten
Subject,Das,Thema,Fächer
Difference,Der,Unterschied,Unterschiede
Pause,Die,Pause,Pausen
Van,Der,Van,Wagen
Blade,Die,Klinge,Klingen
Television,Das,Fernsehen,Fernseher
Cover,Die,Titelseite,Abdeckungen
Past,Die,Vergangenheit,Vergangenheit
Farm,Der,Bauernhof,Bauernhöfe
Lap,Die,Runden,Runden
Band,Die,Band,Bands
Lawyer,Der,Anwalt,Anwälte
Magazine,Das,Magazin,Zeitschriften
Branch,Der,Ast,Zweige
Frame,Der,Rahmen,Rahmen
Deck,Das,Deck,Decks
Effect,Der,Effekt,Effekte
Dance,Der,Tanz,Tänze
Vision,Die,Sicht,Visionen
Ghost,Das,Gespenst,Geister
Ass,Der,Esel,Esel
Character,Der,Charakter,Charaktere
Glance,Der,Blick,Blicke
GoodBye,Das,Auf,Die
Parking,Das,Park,Parkplätze
Breakfast,Das,Frühstück,Frühstück
Gesture,Die,Geste,Gesten
Luck,Das,Glück,Lucks
Blanket,Die,Decke,Decken
Gas,Das,Gas,Gase
Corridor,Der,Korridor,Flure
Professor,Der,Professor,Professoren
Play,Das,Spiel,Spiele
Mistake,Der,Fehler,Fehler
University,Die,Universität,Universitäten
Ocean,Der,Ozean,Ozeane
Century,Das,Jahrhundert,Jahrhunderte
Honey,Der,Honig,Honige
Pile,Der,Stapel,Stapel
Bowl,Die,Schale,Schalen
Base,Die,Basis,Basen
Fence,Der,Zaun,Zäune
Rule,Die,Regel,Regeln
Laughter,Das,Gelächter,Gelächter
Anger,Die,Wut,Angers
Sweat,Der,Schweiß,Schweißausbrüche
Accident,Der,Unfall,Unfälle
Weather,Das,Wetter,
Decision,Die,Entscheidung,Entscheidungen
Angel,Der,Engel,Engel
Strength,Die,Stärke,Stärken
Chicken,Das,Huhn,Hühner
Study,Die,Studium,Studien
Tape,Das,Band,Bänder
Wrist,Das,Handgelenk,Handgelenke
Stop,Der,Halt,Anschläge
Hip,Die,Hüfte,Hüften
Government,Die,Regierung,Regierungen
Belly,Der,Bauch,Bäuche
Queen,Die,Königin,Königinnen
Report,Der,Bericht,Berichte
Tail,Der,Schweif,Schwänze
Plant,Die,Pflanze,Pflanzen
Flame,Die,Flamme,Flammen
Heaven,Der,Himmel,Himmel
Belt,Der,Gürtel,Gürtel
Neighborhood,Die,Nachbarschaft,Nachbarschaften
Energy,Die,Energie,Energien
Green,Das,Grün,Grünen
Quarter,Das,Viertel,Viertel
Enemy,Der,Feind,Feinde
Move,Die,Bewegung,Züge
Entrance,Der,Eingang,Zugänge
Library,Die,Bibliothek,Bibliotheken
Writer,Der,Verfasser,Autoren
Peace,Der,Frieden,Peaces
Touch,Die,Berührung,Berührungen
Pot,Der,Topf,Töpfe
Type,Der,Typ,Typen
Cause,Der,Grund,Gründe
Rope,Das,Seil,Seile
Muscle,Der,Muskel,Muskeln
Painting,Das,Gemälde,Gemälde
Curtain,Die,Gardine,Vorhänge
Meal,Die,Mahlzeit,Essen
Act,Der,Akt,Handlungen
Wolf,Der,Wolf,Wölfe
Cabin,Die,Kajüte,Kabinen
Charge,Die,Ladung,Ladungen
Clock,Die,Uhr,Uhren
Passenger,Der,Passagier,Passagiere
Buddy,Der,Kumpel,Freunde
Drug,Das,Medikament,Arzneimittel
Use,Die,Verwendung,Verwendungen
Bench,Die,Bank,Bänke
Traffic,Der,Verkehr,Verkehre
Relief,Das,Relief,Reliefs
Cap,Die,Kappe,Kappen
Pack,Das,Rudel,Packungen
Weekend,Das,Wochenende,Wochenenden
Stand,Der,Stand,Stände
Elevator,Der,Aufzug,Aufzüge
Birthday,Der,Geburtstag,Geburtstage
Lily,Die,Lilie,Lilien
Iron,Das,Bügeleisen,Eisen
Meat,Das,Fleisch,Fleisch
Eyebrow,Die,Augenbraue,Augenbrauen
Response,Die,Antwort,Antworten
Speed,Die,Geschwindigkeit,Geschwindigkeiten
Purpose,Die,Absicht,Zwecke
Skirt,Der,Rock,Röcke
Square,Das,Quadrat,Quadrate
Drive,Die,Fahrt,Antriebe
Article,Den,Artikel,Artikel
English,Das,Englisch,Englishes
Tower,Der,Turm,Türme
Battle,Der,Kampf,Schlachten
Film,Der,Film,Filme
Race,Das,Rennen,Rennen
Shock,Der,Schock,Schocks
Section,Die,Sektion,Abschnitte
Manner,Die,Methode,Sitten
Sword,Das,Schwert,Schwerter
Stick,Der,Stock,Stöcke
File,Die,Datei,Dateien
Bread,Das,Brot,Brote
Oil,Das,Öl,Öle
Chain,Die,Kette,Ketten
Department,Die,Abteilung,Abteilungen
Project,Das,Projekt,Projekte
Murder,Der,Mord,Morde
Bear,Der,Bär,Bären
Test,Der,Test,Tests
Visit,Der,Besuch,Besuche
Milk,Die,Milch,Milch
Boss,Der,Chef,Bosse
Elbow,Der,Ellbogen,Ellbogen
Desire,Das,Verlangen,Wünsche
Patient,Der,Patient,Patienten
Grin,Das,Grinsen,Grins
Lover,Der,Liebhaber,Liebhaber
Price,Der,Preis,Preise
Map,Die,Karte,Karten
Knowledge,Das,Wissen,Erkenntnisse
Beginning,Der,Anfang,Anfänge
Cold,Die,Kälte,Erkältung
Closet,Der,Schrank,Schränke
Dawn,Die,Morgendämmerung,Morgengrauen
Temple,Der,Tempel,Tempel
Joy,Der,Spaß,Freuden
Duty,Die,Pflicht,Aufgaben
Practice,Die,Übung,Praktiken
Heel,Die,Ferse,Fersen
Valley,Das,Tal,Täler
Fight,Der,Kampf,Kämpfe
Wire,Das,Kabel,Drähte
Jeans,Die,Jeans,Jeanses
Kiss,Der,Kuss,Küsse
Jaw,Der,Kiefer,Backen
Run,Die,Lauf,Läufe
Hold,Der,Halt,Laderäume
Relationship,Das,Verhältnis,Beziehungen
Object,Das,Objekt,Objekte
Attack,Der,Angriff,Angriffe
Dish,Das,Gericht,Geschirr
Highway,Die,Autobahn,Autobahnen
Shade,Die,Schattierung,Schatten
Crime,Das,Verbrechen,Verbrechen
White,Das,Weiß,Weißen
Partner,Der,Partner,Partner
Priest,Der,Priester,Priester
Lawn,Der,Rasen,Rasen
Laugh,Das,Lachen,Lachen
Trunk,Der,Kofferraum,Stämme
Cry,Das,Weinen,Schreie
Program,Das,Programm,Programme
Ride,Die,Fahrt,Fahrten
Shelf,Das,Regal,Regale
Gentleman,Der,Gentleman,Gentlemans
Being,Das,Sein,Wesen
Steel,Der,Stahl,Stähle
Sidewalk,Der,Bürgersteig,Bürgersteige
Uniform,Die,Uniform,Uniformen
Pattern,Das,Muster,Muster
Evidence,Der,Beweis,Beweise
Player,Der,Spieler,Spieler
Novel,Der,Roman,Romane
Pillow,Das,Kissen,Kissen
Lamp,Die,Lampe,Lampen
Drawer,Die,Schublade,Schubladen
Danger,Die,Gefahr,Gefahren
Detective,Der,Detektiv,Detektive
Instant,Die,Instant,Zeitpunkte
Thinking,Das,Denken,Gedanken
Crack,Der,Riss,Risse
Prayer,Das,Gebet,Gebete
Towel,Das,Handtuch,Handtücher
Glove,Der,Handschuh,Handschuhe
Bay,Die,Bucht,Buchten
Audience,Das,Publikum,Publikum
Can,Die,Dose,Dosen
Condition,Die,Bedingung,Bedingungen
Trail,Der,Pfad,Wanderwege
Waist,Die,Taille,Taille
Pressure,Der,Druck,Drücke
Telephone,Das,Telefon,Telefone
Sink,Das,Waschbecken,Waschbecken
Return,Die,Rückkehr,Renditen
Breeze,Die,Brise,Lüfte
Taste,Der,Geschmack,Geschmäcker
Fault,Der,Fehler,Fehler
Stream,Der,Strom,
Result,Das,Ergebnis,Ergebnisse
Author,Der,Autor,Autoren
Tip,Das,Trinkgeld,Spitzen
Shower,Die,Dusche,Duschen
Toe,Die,Zehe,Zehen
Season,Die,Jahreszeit,Jahreszeiten
Half,Die,Hälfte,Hälften
Fool,Der,Dummkopf,Narren
Tunnel,Der,Tunnel,Tunnel
Client,Der,Klient,Clients
Garage,Die,Garage,Garagen
Mission,Die,Mission,Missionen
Chief,Der,Chef,Häuptlinge
Bullet,Die,Kugel,Kugeln
Market,Der,Markt,Märkte
Loss,Der,Verlust,Verluste
Series,Die,Reihe,Serieses
Pen,Der,Stift,Stifte
Term,Der,Begriff,Begriffe
Poem,Das,Gedicht,Gedichte
Prince,Der,Prinz,Fürsten
Clay,Der,Ton,Tone
Lock,Das,Schloss,Schlösser
Reality,Die,Realität,Wirklichkeiten
Snake,Die,Schlange,Schlangen
Apple,Der,Apfel,Äpfel
Mask,Die,Maske,Masken
Customer,Dem,Kunden,Kunden
Birth,Die,Geburt,Geburten
Break,Die,Pause,Pausen
Wonder,Das,Wunder,Wunder
Sunlight,Das,Sonnenlicht,Sunlights
Tank,Der,Panzer,Tanks
Staff,Das,Personal,Mitarbeiter
Lie,Die,Lüge,Lügen
Faith,Der,Glaube,Glauben
Honor,Die,Ehre,Ehren
Cream,Die,Creme,Cremes
Sake,Das,Wohl,Willen
Victim,Das,Opfer,Opfer
Possibility,Die,Möglichkeit,Möglichkeiten
Contact,Der,Kontakt,Kontakte
Mood,Die,Stimmung,Stimmungen
Thumb,Der,Daumen,Daumen
Reading,Das,Lesen,Messwerte
Fun,Der,Spaß,Funs
Candle,Die,Kerze,Kerzen
Cave,Die,Höhle,Höhlen
Post,Die,Post,Pfosten
Prison,Das,Gefängnis,Gefängnisse
Emotion,Die,Emotion,Emotionen
Leader,Der,Führer,Führer
Degree,Der,Grad,Grade
Feature,Die,Eigenschaft,Funktionen
Ticket,Das,Ticket,Tickets
Alien,Das,Alien,Aliens
Lesson,Der,Unterricht,Stunden
Desert,Die,Wüste,Wüsten
Cut,Der,Schnitt,Schnitte
Mess,Die,Unordnung,Kasinos
Warning,Die,Warnung,Warnungen
Tale,Das,Märchen,Geschichten
Funeral,Das,Begräbnis,Beerdigungen
Cab,Das,Taxi,Kabinen
Reporter,Der,Reporter,Reporter
Present,Das,Geschenk,Geschenke
Theater,Das,Theater,Theater
Length,Die,Länge,Längen
Mud,Der,Schlamm,Schlämme
Science,Die,Wissenschaft,Wissenschaften
Drop,Der,Fall,Tropfen
String,Die,Schnur,Streicher
Speech,Die,Rede,Reden
Copy,Die,Kopie,Kopien
Cow,Die,Kuh,Kühe
Worker,Der,Arbeiter,Arbeiter
Thigh,Der,Oberschenkel,Thighes
Lab,Das,Labor,Labors
Roll,Die,Rolle,Walzen
Fruit,Das,Obst,Früchte
Patch,Der,Patch,Patches
Silk,Die,Seide,Seide
Buck,Der,Buck,Böcke
Brick,Die,Ziegel,Ziegel
Rifle,Das,Gewehr,Gewehre
Career,Die,Karriere,Karrieren
Issue,Das,Thema,Probleme
Opportunity,Die,Gelegenheit,Chancen
Director,Der,Direktor,Direktoren
Monster,Das,Monster,Monster
Vehicle,Das,Fahrzeug,Fahrzeuge
Alley,Die,Gasse,Gassen
Sleeve,Die,Hülse,Ärmel
Grave,Das,Grab,Gräber
Bush,Der,Busch,Büsche
Dining,Der,Speisesaal,Dinings
Opening,Die,Eröffnung,Öffnungen
Twin,Der,Zwilling,Zwillinge
Barn,Die,Scheune,Scheunen
Pound,Das,Pfund,Pfunde
Site,Der,Standort,Websites
Flash,Der,Blitz,Blitze
Judge,Der,Richter,Richter
Mass,Die,Masse,Massen
Process,Der,Prozess,Prozesse
Tie,Das,Band,Bande
Purse,Der,Geldbeutel,Geldbeutel
Pipe,Das,Rohr,Röhren
Dragon,Der,Drache,Drachen
Horizon,Der,Horizont,Horizonte
Tray,Die,Schale,Traies
Envelope,Der,Umschlag,Umschläge
Check,Die,Prüfung,Kontrollen
Adult,Die,Erwachsene,Erwachsenen
Emergency,Der,Notfall,Emergencys
Material,Das,Material,Materialien
Childhood,Die,Kindheit,Kindheit
Habit,Die,Angewohnheit,Gewohnheiten
Artist,Der,Künstler,Artisten
Address,Die,Adresse,Adressen
Scent,Der,Duft,Düfte
Universe,Das,Universum,Universen
Nod,Das,Kopfnicken,Nickt
Shell,Die,Muschel,Schalen
Community,Die,Gemeinde,Gemeinden
Start,Der,Anfang,Der
Wound,Die,Wunde,Wunden
Mouse,Die,Maus,Mäuse
Pilot,Der,Pilot,Piloten
Grade,Die,Klasse,Noten
Video,Das,Video,Videos
Basket,Der,Korb,Körbe
Wagon,Der,Wagen,Wagen
Attempt,Der,Versuch,Versuche
Sofa,Das,Sofa,Sofas
Cake,Der,Kuchen,Kuchen
Fellow,Der,Kerl,Kerle
Affair,Die,Affäre,Angelegenheiten
Shore,Die,Küste,Ufer
General,Die,Allgemeine,Generäle
Root,Der,Ursprung,Wurzeln
Robe,Die,Robe,Gewänder
Concern,Die,Sorge,Bedenken
Press,Die,Presse,Pressen
Rat,Die,Ratte,Ratten
Society,Die,Gesellschaft,Gesellschaften
Style,Der,Stil,Stile
County,Die,Grafschaft,Grafschaften
Command,Der,Befehl,Befehle
Visitor,Der,Besucher,Besucher
Model,Das,Model,Modelle
Chamber,Die,Kammer,Kammern
Beast,Das,Biest,Tiere
Bunch,Das,Bündel,Trauben
Background,Der,Hintergrund,Hintergründe
Unit,Die,Einheit,Einheiten
Furniture,Die,Möbel,Möbel
Nail,Der,Nagel,Nägel
Scream,Der,Schrei,Schreie
Property,Die,Eigenschaft,Eingenschaften
Equipment,Die,Ausrüstung,Ausrüstungen
Driveway,Die,Auffahrt,Einfahrten
Grip,Der,Griff,Griffe
Tube,Das,Rohr,Röhren
Ash,Die,Asche,Asche
Fan,Der,Fan,Fans
Opinion,Die,Meinung,Ansichten
Data,Die,Daten,Daten
Connection,Die,Verbindung,Verbindungen
Trick,Der,Trick,Tricks
Mystery,Das,Mysterium,Geheimnisse
Period,Die,Periode,Perioden
Writing,Das,Schreiben,Schriften
Horror,Der,Horror,Schrecken
Candy,Die,Süßigkeit,Bonbons
Bitch,Die,Bitch,Hündinnen
Health,Die,Gesundheit,Healths
Manager,Der,Geschäftsführer,Manager
Safety,Die,Sicherheit,Sicherheiten
Height,Die,Höhe,Höhen
Appearance,Die,Erscheinung,Erscheinungen
Sigh,Der,Seufzer,Sighes
Mine,Die,Mine,Bergwerke
Cloth,Die,Kleidung,Tücher
Reaction,Die,Reaktion,Reaktionen
Source,Die,Quelle,Quellen
Self,Das,Ich,Selfs
Pistol,Die,Pistole,Pistolen
Airport,Der,Flughafen,Flughäfen
Hero,Der,Held,Helden
Promise,Das,Versprechen,Versprechen
Bow,Der,Bogen,Bögen
Tent,Das,Zelt,Zelte
Booth,Der,Messestand,Stände
Cash,Das,Geld,Kassen
Avenue,Die,Straße,Alleen
TShirt,Das,TShirt,TShirts
Carpet,Der,Teppich,Teppiche
Basement,Der,Keller,Keller
Girlfriend,Die,Freundin,Freundinnen
Beard,Der,Bart,Bärte
Brow,Die,Stirn,Augenbrauen
Display,Der,Bildschirm,Anzeigen
Signal,Das,Signal,Signale
Servant,Der,Diener,Diener
Whisper,Das,Flüstern,Flüstern
Doubt,Der,Zweifel,Zweifel
Account,Das,Konto,Accounts
Magic,Die,Magie,Magie
Hank,Die,Hank,Stränge
Limb,Das,Glied,Schenkel
Bastard,Der,Bastard,Bastarde
Skull,Der,Schädel,Schädel
Sentence,Der,Satz,Sätze
Collar,Der,Kragen,Kragen
Horn,Das,Horn,Hörner
Oak,Die,Eiche,Eichen
Ankle,Der,Knöchel,Knöchel
Doll,Die,Puppe,Puppen
Sandwich,Das,Sandwich,Sandwiches
Robin,Das,Rotkehlchen,Rotkehlchen
Justice,Die,Justiz,Richter
Pride,Der,Stolz,Rudel
Youth,Die,Jugend,Jugendlichen
Secretary,Der,Sekretär,Sekretäre
Research,Die,Forschung,Forschungen
Sport,Der,Sport,Sport
Task,Die,Aufgabe,Aufgaben
Grant,Der,Zuschuss,Zuschüsse
Sheriff,Der,Sheriff,Sheriffs
Midnight,Die,Mitternachts,Mitternächte
Chip,Der,Chip,Chips
Theory,Die,Theorie,Theorien
Alarm,Den,Wecker,Alarme
Collection,Die,Sammlung,Sammlungen
Cross,Das,Kreuz,Kreuze
Pine,Die,Kiefer,Kiefern
Generation,Die,Generation,Generationen
Authority,Die,Autorität,Behörden
Papa,Die,Papa,Papas
Journey,Die,Reise,Reisen
Pearl,Die,Perle,Perlen
Toilet,Die,Toilette,Toiletten
Killer,Der,Mörder,Mörder
Tool,Das,Werkzeug,Werkzeuge
Medicine,Die,Medizin,Medikamente
Sugar,Der,Zucker,Zucker
Princess,Die,Prinzessin,Prinzessinnen
Argument,Das,Argument,Argumente
Cliff,Die,Klippe,Klippen
Cart,Der,Wagen,Wagen
Crystal,Der,Kristall,Kristalle
Bean,Die,Bohne,Bohnen
Cage,Der,Käfig,Käfige
Chocolate,Die,Schokolade,Pralinen
Coast,Die,Küste,Küsten
Decade,Das,Jahrzehnt,Jahrzehnte
Meaning,Die,Bedeutung,Bedeutungen
Gear,Das,Getriebe,Zahnräder
Suitcase,Der,Koffer,Koffer
Operation,Die,Operation,Operationen
Breathing,Das,Atem,Breathings
Role,Die,Rolle,Rollen
Version,Die,Version,Visionen
Prisoner,Der,Gefangene,Gefangenen
Match,Das,Match,Spiele
Beam,Der,Strahl,Strahlen
Castle,Die,Burg,Schlösser
Rush,Der,Ansturm,Binsen
Lane,Die,Fahrspur,Bahnen
Clothing,Die,Bekleidung,Garnituren
Pole,Der,Pol,Pole
Freedom,Die,Freiheit,Freiheiten
Skill,Das,Können,Fähigkeiten
Passion,Die,Leidenschaft,Leidenschaften
Activity,Die,Aktivität,Aktivitäten
Fuck,Zum,Teufel,Fickt
Platform,Die,Platform,Plattformen
Salt,Das,Salz,Salze
Bike,Das,Fahrrad,Fahrräder
Stack,Der,Stapel,Stapel
Companion,Der,Begleiter,Gefährten
Fate,Das,Schicksal,Schicksale
Rage,Die,Wut,Wütet
Supply,Die,Versorgung,Versorgungen
Whale,Der,Wal,Wale
Pig,Das,Schwein,Schweine
Rabbit,Der,Hase,Hasen
Aisle,Der,Gang,Gänge
Monitor,Der,Bildschirm,Monitore
Helmet,Der,Helm,Helme
Respect,Der,Respekt,Beziehung
Excitement,Die,Aufregung,Aufregungen
Lobby,Die,Lobby,Lobbys
Boyfriend,Der,Freund,Freunde
Fur,Das,Fell,Felle
Range,Der,Bereich,Bereiche
Code,Der,Code,Codes
Chapter,Das,Kapitel,Kapitel
Reflection,Die,Reflexion,Reflexionen
Mail,Die,Post,
Fly,Der,Flug,Fliegen
Cabinet,Das,Kabinett,Schränke
Toy,Das,Spielzeug,Spielzeuge
Baseball,Die,Baseball,Baseballs
Inside,Das,Innere,Innenseiten
Pace,Der,Schritt,Schritte
Handle,Der,Griff,Griffe
Lead,Die,Führung,Zuleitungen
Amount,Die,Summe,Beträge
Nerve,Der,Nerv,Nerven
Terror,Der,Schrecken,Schrecken
Sweater,Der,Pullover,Pullover
Quality,Die,Qualität,Qualitäten
Hunter,Der,Jäger,Jäger
Paint,Die,Farbe,Farben
Buster,Die,Buster,Busters
Cotton,Die,Baumwolle,Baumwollstoffe
Sergeant,Der,Wachtmeister,Feldwebel
Credit,Der,Kredit,Kredite
Blow,Der,Schlag,Schläge
Devil,Der,Teufel,Teufel
Threat,Die,Bedrohung,Bedrohungen
Success,Der,Erfolg,
Eve,Der,Abend,Abende
Cable,Das,Kabel,Kabel
Pan,Die,Pfanne,Pfannen
Clerk,Der,Schreiber,Schreiber
Title,Den,Titel,Titel
Meter,Die,Meter,
Shame,Die,Schande,Schande
Needle,Die,Nadel,Nadeln
Lung,Die,Lunge,Lungen
Warrior,Der,Krieger,Krieger
Circumstance,Der,Umstand,Umstände
Studio,Das,Studio,Studios
Panic,Die,Panik,Panik
Lack,Der,Mangel,
Farmer,Der,Bauer,Bauern
Accent,Der,Akzent,Akzente
Bomb,Die,Bombe,Bomben
Panel,Die,Platte,Paneele
Ability,Die,Fähigkeit,Fähigkeiten
Fortune,Das,Glück,Geschicke
Victor,Der,Sieger,Sieger
Feather,Die,Feder,Federn
Grandma,Die,Oma,Omas
Glow,Das,Glühen,Glüht
Behavior,Das,Verhalten,Verhaltensweisen
Passage,Der,Durchgang,Durchgänge
Slave,Die,Slave,Sklaven
Lieutenant,Der,Leutnant,Leutnants
Barrel,Der,Lauf,Läufe
Warmth,Die,Wärme,
Impression,Der,Eindruck,Eindrücke
Mason,Der,Maurer,Maurer
Bride,Die,Braut,Bräute
Package,Das,Paket,Pakete
Fog,Der,Nebel,Nebel
Walking,Das,Gehen,Wanderungen
Balance,Die,Balance,Balancen
Sock,Die,Socke,Socken
Robot,Der,Roboter,Roboter
Potato,Die,Kartoffel,Kartoffeln
Item,Der,Gegenstand,Gegenstände
Bath,Das,Bad,Bäder
Diamond,Der,Diamant,Diamanten
Corpse,Die,Leiche,Leichen
Explanation,Die,Erklärung,Erläuterungen
Structure,Die,Struktur,Strukturen
Exit,Der,Ausgang,Ausgänge
Pad,Das,Pad,Pads
Stove,Der,Herd,Herd
Blue,Das,Blaue,
American,Die,Amerikaner,Amerikaner
Ruby,Der,Rubin,Rubinen
Lightning,Der,Blitz,
Pit,Die,Grube,Gruben
Colonel,Der,Oberst,Obersten
Dock,Das,Dock,Docks
Creek,Der,Bach,Bäche
Advice,Der,Ratschlag,Ratschläge
Tourist,Der,Tourist,Touristen
Grief,Die,Trauer,Schmerzen
Defense,Die,Verteidigung,Verteidigungen
Bite,Der,Biss,Bisse
Museum,Das,Museum,Museen
Favor,Der,Gefallen,Gefallen
Supper,Das,Abendessen,Abendessen
Comfort,Der,Komfort,
Dean,Der,Dekan,Dekane
Value,Der,Wert,Werte
March,Der,Marsch,Märsche
Estate,Das,Anwesen,Stände
Poet,Der,Poet,Poeten
Palace,Der,Palast,Paläste
Soup,Die,Suppe,Suppen
Nation,Die,Nation,Nationen
Jar,Das,Gefäss,Gläser
Standing,Der,Ständige,Tabellenführung
Sack,Der,Sack,Säcke
Demon,Der,Dämon,Dämonen
Conference,Die,Konferenz,Konferenzen
Juice,Der,Saft,Säfte
Responsibility,Die,Verantwortung,Zuständigkeiten
Brush,Der,Bürste,Bürsten
Route,Die,Strecke,Strecken
Cheese,Der,Käse,Käse
Hood,Die,Haube,Hauben
Duck,Die,Ente,Ente
Saint,Der,Heilige,Heiligen
Pass,Der,Pass,Pässe
Target,Das,Ziel,Ziele
Orange,Die,Orange,Orangen
Culture,Die,Kultur,Kulturen
Tour,Die,Reise,Touren
Commander,Der,Kommandant,Kommandeure
Hook,Der,Haken,Haken
Mist,Der,Nebel,Nebel
Training,Das,Training,Trainings
Search,Die,Suche,Suche
Coin,Die,Münze,Münzen
Miracle,Das,Wunder,Wunder
Advantage,Der,Vorteil,Vorteile
Exchange,Der,Austausch,Börsen
Fiction,Die,Fiktion,
Pond,Der,Teich,Teiche
Assistant,Der,Assistent,Assistenten
Design,Das,Design,Entwürfe
Fishing,Die,Angel,Fishings
Slope,Die,Piste,Pisten
Earl,Der,Graf,Grafen
Comment,Der,Kommentar,Kommentare
Waiter,Der,Kellner,Kellner
Grocery,Von,Lebensmittel,Lebensmittel
Ladder,Die,Leiter,Leitern
Curve,Die,Kurve,Kurven
Volume,Das,Volumen,Volumina
Risk,Das,Risiko,Risiken
Nightmare,Der,Albtraum,Alpträume
Existence,Die,Existenz,Existenzen
Trace,Die,Spur,Spuren
Disease,Die,Krankheit,Krankheiten
Support,Die,Unterstützung,Stützen
Witness,Der,Zeuge,Zeugen
Stock,Der,Stock,Stöcke
Device,Das,Gerät,Vorrichtungen
Landscape,Die,Landschaft,Landschaften
Holiday,Der,Urlaub,Feiertage
Ace,Das,As,Asse
Piano,Das,Klavier,Klaviere
Gut,Die,Eingeweide,Eingeweide
Talent,Das,Talent,Talente
Imagination,Die,Phantasie,Vorstellungen
Black,Die,Schwarze,Schwarzen
Reed,Der,Schilf,Schilfe
Lid,Der,Deckel,Deckel
Hint,Der,Hinweis,Hinweise
Walker,Der,Wanderer,Wanderer
Chill,Die,Kälte,
Trial,Der,Versuch,Versuche
Interview,Das,Interview,Interviews
Approach,Der,Ansatz,Ansätze
Scar,Die,Narbe,Narben
Fashion,Die,Mode,Mode
Channel,Der,Kanal,Kanäle
Footstep,Die,Tritt,Schritte
Pickup,Der,Aufnehmer,Pickups
Hawk,Der,Habicht,Falken
Trailer,Der,Anhänger,Anhänger
Statue,Die,Statue,Statuen
Pill,Die,Pille,Pillen
Bug,Der,Käfer,Bugs
Bucket,Der,Eimer,Eimer
Vacation,Den,Urlaub,Urlaub
Species,Die,Arten,Specieses
Column,Die,Kolumne,Spalten
Damage,Der,Schaden,Schäden
Instrument,Das,Instrument,Instrumente
Port,Der,Hafen,Häfen
Layer,Die,Schicht,Schichten
Strip,Der,Streifen,Streifen
Garbage,Der,Müll,Garbages
Rib,Die,Rippe,Rippen
Notebook,Das,Notizbuch,Notizbücher
Corn,Der,Mais,Mais
Offer,Das,Angebot,Angebote
Drawing,Die,Zeichnung,Zeichnungen
Statement,Die,Aussage,Aussagen
Intelligence,Die,Intelligenz,Intelligenzen
Excuse,Die,Ausrede,Ausreden
Landing,Die,Landung,Landungen
Copyright,Der,Urheberrechts,Urheberrechte
Rod,Die,Stange,Stangen
Fantasy,Die,Fantasie,Fantasien
Curiosity,Die,Neugier,Neugier
Gown,Das,Kleid,Kleider
Border,Die,Grenze,Grenzen
Poetry,Die,Dichtung,Dichtungen
Firm,Die,Firma,Firmen
Rise,Der,Aufgang,Anstieg
Handful,Die,Handvoll,
China,Die,China,Chinas
French,Die,Franzosen,Frenches
Mean,Die,Durchschnitts,Mittel
Deer,Das,Reh,Hirsche
Print,Die,Druck,Drucke
Rail,Die,Schiene,Schienen
Rate,Die,Rate,Preise
Courage,Der,Mut,
Arrival,Die,Ankunft,Ankünfte
Wish,Der,Wunsch,Wünsche
Ridge,Der,Grat,Grate
Idiot,Der,Idiot,Idioten
Bull,Der,Bulle,Bullen
Seed,Die,Saat,Samen
Progress,Der,Fortschritt,Fortschritte
Feel,Das,Gefühl,
Shorts,Die,Shorts,Shortses
Citizen,Der,Bürger,Bürger
Trash,Der,Müll,Trashes
Log,Das,Protokoll,Protokolle
Patience,Die,Geduld,Patiencen
Bat,Die,Fledermaus,Fledermäuse
Football,Der,Fußball,Fußbälle
Routine,Die,Routine,Routinen
Explosion,Die,Explosion,Explosionen
Content,Der,Inhalt,Inhalte
Scientist,Der,Wissenschaftler,Wissenschaftler
Failure,Das,Versagen,Ausfälle
Sin,Die,Sünde,Sünden
Butt,Der,Hintern,Füße
Confusion,Die,Verwirrung,Verwirrungen
Understanding,Das,Verständnis,Absprachen
Trade,Der,Handel,Handwerk
Refrigerator,Der,Kühlschrank,Kühlschränke
Mister,Der,Herr,Misters
Flashlight,Die,Taschenlampe,Taschenlampen
Net,Das,Netz,Netze
Sailor,Der,Seemann,Matrosen
Attitude,Die,Attitüde,Haltungen
Guilt,Die,Schuld,Schuldgefühle
Crying,Das,Weinen,Geschrei
Sip,Die,Sip,
Travel,Die,Reise,Reisen
Cookie,Der,Keks,Kekse
Escape,Die,Flucht,Fluchten
Instruction,Die,Anleitung,Anleitungen
Fabric,Das,Gewebe,Stoffe
Marble,Der,Marmor,Murmeln
Glimpse,Der,Blick,Einblicke
Dusk,Die,Dämmerung,Dämmerungen
Cottage,Die,Hütte,Ferienhäuser
Monkey,Der,Affe,Affen
Makeup,Das,Makeup,MakeUps
Doc,Die,Doc,Docs
Blouse,Die,Bluse,Blusen
Rhythm,Der,Rhythmus,Rhythmen
Steam,Der,Dampf,Dämpfe
Phrase,Der,Satz,Phrasen
Nut,Die,Mutter,Muttern
Pencil,Der,Bleistift,Stifte
Cook,Der,Koch,Köche
Flag,Die,Flagge,Fahnen
Coach,Der,Trainer,Trainer
Swing,Die,Schaukel,Schaukeln
Speaker,Der,Lautsprecher,Lautsprecher
Bolt,Der,Bolzen,Bolzen
Fat,Das,Fett,Fette
Rug,Der,Teppich,Teppiche
Knock,Die,Klopf,Schläge
Spell,Der,Zauber,Zaubersprüche
Taxi,Das,Taxi,Taxis
Round,Die,Runde,Runden
Straw,Der,Strohhalm,Halme
Hatch,Die,Luke,Luken
Fork,Die,Gabel,Gabeln
Evil,Das,Böse,Übel
Maid,Das,Dienstmädchen,Zimmermädchen
Relative,Die,Relative,Verwandten
Witch,Die,Hexe,Hexen
Courtyard,Der,Hof,Höfe
Sensation,Die,Sensation,Empfindungen
Bubble,Die,Blase,Blasen
Reader,Der,Leser,Leser
Curl,Die,Locke,Locken
Pie,Der,Kuchen,Torten
Jet,Der,Strahl,Jets
Shift,Die,Verschiebung,Verschiebungen
Union,Die,Union,Gewerkschaften
Teenager,Der,Teenager,Teenager
Plain,Die,Ebene,Ebenen
Waitress,Die,Kellnerin,Kellnerinnen
Reply,Die,Antwort,Antworten
Rumor,Das,Gerücht,
Gravity,Die,Schwerkraft,Gewichte
Shelter,Die,Zuflucht,Unterstände
Adventure,Das,Abenteuer,Abenteuer
Lion,Der,Löwe,Löwen
Spine,Die,Wirbelsäule,Stacheln
Confidence,Das,Vertrauen,Vertraulichkeiten
Depth,Die,Tiefe,Tiefen
Reach,Die,Reichweite,Reichweiten
Hammer,Der,Hammer,Hämmer
Bible,Die,Bibel,Bibeln
Contract,Der,Vertrag,Verträge
Wallet,Der,Geldbeutel,Brieftaschen
Jungle,Der,Dschungel,Dschungel
Factory,Die,Fabrik,Fabriken
Indian,Die,Indische,Indianer
Balcony,Der,Balkon,Balkone
Rice,Der,Reis,Reis
Knot,Der,Knoten,Knoten
Cord,Die,Schnur,Schnüre
Colleague,Der,Kollege,Kollegen
Intention,Die,Absicht,Absichten
Stare,Die,Stare,Blicke
Motel,Das,Motel,Motels
Attorney,Der,Anwalt,Anwälte
Darling,Der,Liebling,Lieblinge
Discussion,Die,Diskussion,Diskussionen
Atmosphere,Atmosphäre,~,
Performance,Die,Leistung,Aufführungen
Tension,Die,Spannung,Spannungen
Text,Der,Text,Texte
Strand,Der,Strang,Litzen
Noon,Die,Mittags,Noons
Vein,Die,Vene,Venen
Expert,Der,Experte,Experten
Gang,Die,Gruppe,Banden
Policeman,Der,Polizist,Police
Cancer,Der,Krebs,Krebs
Fox,Der,Fuchs,Foxs
Divorce,Die,Scheidung,Scheidungen
Pulse,Die,Impuls,Pulse
Absence,Die,Abwesenheit,Abwesenheiten
Violence,Die,Gewalt,Gewalten
Humor,Der,Humor,Körpersäfte
Stool,Der,Stuhl,Stühle
Gravel,Der,Kies,Kiese
Treasure,Der,Schatz,
Butter,Die,Butter,Butter
Switch,Der,Schalter,Schalter
Cigar,Die,Zigarre,Zigarren
Canvas,Die,Leinwand,Leinwände
Happiness,Die,Fröhlichkeit,Seligkeiten
Guide,Der,Führer,Führungen
Pin,Der,Stift,Stifte
Actor,Der,Schauspieler,Akteure
Whole,Das,Ganze,Löcher
Arrangement,Die,Vereinbarung,Vereinbarungen
Brown,Die,Braune,Brauntöne
Host,Der,Gastgeber,Gastgeber
Ribbon,Das,Farbband,Bänder
Scarf,Der,Schal,Schals
Scale,Die,Skala,Waagen
Proof,Der,Beweis,Beweise
Arrow,Der,Pfeil,Pfeile
Temperature,Die,Temperatur,Temperaturen
Technology,Die,Technologie,
Permission,Die,Erlaubnis,Berechtigungen
Location,Der,Ort,Standorte
Claw,Die,Klaue,Krallen
Cowboy,Der,Cowboy,Cowboies
Agency,Die,Agentur,Agenturen
Construction,Die,Konstruktion,Konstruktionen
Hunting,Das,Jagd,Jagden
Vegetable,Das,Gemüse,Gemüse
Tin,Die,Dose,Dosen
Helicopter,Der,Hubschrauber,Hubschrauber
Trap,Die,Falle,Fallen
Pat,Das,Pat,Streicheleinheiten
Gap,Die,Lücke,Lücken
Pet,Das,Haustier,Haustiere
Education,Die,Bildung,Ausbildungen
Shopping,Das,Einkaufen,Einkäufe
Shed,Der,Schuppen,Schuppen
Agreement,Die,Vereinbarung,
Soil,Die,Erde,Böden
Duke,Der,Herzog,Herzöge
Shotgun,Die,Schrotflinte,Schrotflinten
Notion,Die,Vorstellung,Begriffe
Rear,Es,Gibt,Hintern
Ceremony,Die,Zeremonie,Zeremonien
Spoon,Der,Löffel,Löffel
Tub,Die,Wanne,Wannen
Clue,Der,Schlüssel,Hinweise
Iris,Die,Iris,Iris
Incident,Der,Vorfall,Vorfälle
Crash,Der,Absturz,Abstürze
Journal,Das,Tagebuch,Zeitschriften
Access,Die,Zugriffs,Zugriffe
Brass,Erz,~,
Mommy,Die,Mama,Mamas
Sidebar,Die,Seitenleiste,Seitenleisten
Sheep,Das,Schaf,Schafe
Engineer,Der,Ingenieur,Ingenieure
Hull,Der,Rumpf,Rümpfe
Odor,Der,Geruch,Gerüche
Appointment,Der,Termin,Termine
Invitation,Die,Einladung,Einladungen
Rag,Die,Lappen,Lumpen
Good,Das,Gute,Güter
Dude,Der,Kumpel,Dudes
Treatment,Die,Behandlung,
Wisdom,Die,Weisheit,Weisheiten
Prize,Der,Preis,Preise
Element,Das,Element,Elemente
Giant,Der,Gigant,Riesen
Napkin,Die,Serviette,Servietten
Laundry,Die,Wäsche,Wäschereien
Option,Die,Option,Optionen
Rack,Das,Gestell ,Gestelle
Request,Die,Anfrage,Anfragen
Jail,Das,Gefängnis,Gefängnisse
Grandpa,Der,Opa,Opa
Ranch,Die,Ranch,Ranches
Dot,Der,Punkt,Punkte
Script,Das,Skript,Skripte
Mall,Die,Einkaufshalle,Einkaufszentren
Exercise,Die,Übung,Übungen
Widow,Die,Witwe,Witwen
Crow,Die,Krähe,Krähen
Thread,Der,Faden,Fäden
Suicide,Die,Selbstmord,Selbstmorde
Notice,Die,Bekanntmachung,Bekanntmachungen
Sunset,Der,Sonnenuntergang,
Gallery,Die,Gallerie,Galerien
Vessel,Das,Schiff,Gefäße
Thunder,Der,Donner,Donner
Soap,Die,Seife,
Whiskey,Der,Whisky,Whiskys
Female,Das,Weibchen,Weibchen
Mayor,Der,Bürgermeister,Bürgermeister
Stroke,Der,Hub,Striche
Click,Der,Klick,Klicks
Reputation,Der,Ruf,Ruf
Miller,Der,Müller,Müller
Council,Der,Rat,Räte
Schedule,Der,Stundenplan,Spielplan
Cemetery,Der,Friedhof,Friedhöfe
Struggle,Der,Kampf,Kämpfe
Instinct,Der,Instinkt,Instinkte
Calm,Die,Ruhe,Beruhigt
Employee,Der,Arbeitnehmer,Angestellten
Nest,Das,Nest,Nester
Limit,Das,Limit,Grenzwerte
German,Der,Deutsche,Deutschen
Monk,Der,Mönch,Mönche
Worm,Der,Wurm,Würmer
Document,Das,Dokument,Dokumente
Sadness,Die,Traurigkeit,Traurigkeiten
Hut,Die,Hütte,Hütten
Lifetime,Die,Lebensdauer,Lebensdauern
Dancer,Die,Tänzerin,Tänzer
Insurance,Die,Versicherung,Versicherungen
Difficulty,Die,Schwierigkeit,Schwierigkeiten
Mattress,Die,Matratze,Matratzen
Male,Der,Mann,Männchen
Clinic,Die,Klinik,Kliniken
Ad,Die,Ad,Anzeigen
Mug,Der,Becher,Becher
Kit,Das,Kit,Kits
Communication,Die,Kommunikation,Kommunikations
Disaster,Das,Unglück,Katastrophen
Tile,Die,Fliese,Fliesen
Receiver,Der,Empfänger,Empfänger
Roar,Das,Gebrüll,Brüllt
Troop,Die,Truppe,Truppen
Coffin,Der,Sarg,Särge
Friendship,Die,Freundschaft,Freundschaften
Investigation,Die,Ermittlung,Untersuchungen
Sale,Der,Verkauf,Verkäufe
Goal,Das,Ziel,Ziele
Ambulance,Der,Krankenwagen,Krankenwagen
Moonlight,Das,Mondlicht,Mondlicht
Ward,The,Ward,Schutzzauber
Trousers,Die,Hosen,Trouserses
Wool,Die,Wolle,Wolle
Mac,Die,Mac,Macs
Minister,Der,Minister,Minister
Entry,Der,Eintritt,Einträge
Thief,Der,Dieb,Diebe
Briefcase,Die,Aktentasche,Aktentaschen
Pity,Das,Mitleid,Bemitleidet
Fingertip,Die,Finger,Fingerspitzen
Navy,Die,Marine,Marinen
Insect,Das,Insekt,Insekten
Velvet,The,Velvet,Samt
Bee,Die,Biene,Bienen
Cane,Der,Stock,Stöcke
Gene,Das,Gen,Gene
Salad,Der,Salat,Salate
Windshield,Die,Windschutzscheibe,Windschutzscheiben
Outfit,Das,Outfit,Outfits
Shuttle,Der,Shuttle,Shuttles
Shout,Der,Schrei,Rufe
Fury,Die,Wut,Furien
Challenge,Die,Herausforderung,Herausforderungen
Satisfaction,Die,Zufriedenheit,Zufriedenheiten
Motor,Der,Motor,Motoren
Product,Das,Produkt,Produkte
Weed,Das,Unkraut,Unkraut
Stretch,Die,Strecke,Strecken
Gym,Das,Fitnesscenter,FitnessStudios
Capital,Das,Kapital,Hauptstädte
Rim,Der,Rand,Felgen
Paw,Die,Pfote,Pfoten
Fort,Die,Festung,Forts
Cost,Die,Kosten,Kosten
Poster,Das,Plakat,Poster
Vampire,Der,Vampir,Vampire
Shaft,Die,Welle,Wellen
Identity,Die,Identität,Identitäten
Pavement,Der,Bürgersteig,Bürgersteige
Asshole,Das,Arschloch,Arschlöcher
Strap,Der,Gurt,Gurte
Parlor,Das,Wohnzimmer,Stuben
Harbor,Der,Hafen,Häfen
Example,Das,Beispiel,
Web,Das,Spinnennetz,Spinnennetze
Golf,Der,Golf,Golfplätze
Crap,Den,Mist,
Delight,Die,Freude,Freuden
Quilt,Die,Decke,Decken
Tax,Die,Steuer,Taxs
Fold,Die,Falte,Falten
Portrait,Das,Porträt,Porträts
Tissue,Das,Gewebe,Gewebe
Belief,Der,Glaube,Überzeugungen
Costume,Das,Kostüm,Kostüme
Measure,Das,Maß,
Carriage,Der,Wagen,Wagen
Guitar,Die,Gitarre,Gitarren
Knight,Der,Ritter,Ritter
Rank,Der,Rang,Reihen
Major,Der,Bürgermeister,Majors
Fountain,Der,Brunnen,Brunnen
Stall,Der,Stall,Stände
Load,Die,Ladung,Lasten
Spark,Der,Funke,Funken
Waste,Der,Müll,Abfälle
Champagne,Der,Champagner,Champagner
District,Das,Viertel,Bezirke
Protection,Der,Schutz,Schutz
Judgment,Das,Urteil,Urteile
Sympathy,Die,Sympathie,Sympathien
Violet,Das,Violett,Veilchen
Impact,Der,Aufprall,Auswirkungen
Disappointment,Die,Enttäuschung,Enttäuschungen
Drinking,Das,Trink,Drinkings
Consciousness,Das,Bewusstsein,Bewussts
Handkerchief,Das,Taschentuch,Taschentücher
Dancing,Das,Tanzen,Dancings
Perfume,Das,Parfüm,Düfte
Network,Das,Netzwerk,Netzwerke
Claim,Der,Anspruch,Ansprüche
Nun,Die,Nonne,Nonnen
Crown,Die,Krone,Kronen
Railing,Das,Geländer,Geländer
License,Die,Lizenz,Lizenzen
Mercy,Die,Barmherzigkeit,Barmherzigkeit
Balloon,Der,Ballon,Ballons
Chaos,Das,Chaos,Chaoses
Fever,Das,Fieber,Fieber
Locker,Das,Schließfach,Schließfächer
Session,Die,Sitzung,Sitzungen
Burst,Der,Burst,Bursts
Peak,Der,Spitzer,Peaks
Drum,Die,Trommel,Trommeln
Focus,Der,Fokus,Schwerpunkte
Frog,Der,Frosch,Frösche
Benefit,Der,Vorteil,Vorteile
Remark,Die,Bemerkung,Bemerkungen
Tide,Die,Gezeiten,Gezeiten
Suspicion,Der,Verdacht,Verdacht
Jeep,Der,Jeep,Jeeps
Worry,Die,Sorge,Sorgen
Literature,Die,Literatur,Literaturen
Archer,Der,Bogenschütze,Bogenschützen
Household,Der,Haushalt,Haushalte
Powder,Das,Pulver,Pulver
Shepherd,Der,Hirte,Hirten
Lens,Die,Linse,Linsen
Favorite,Der,Favorit,Favoriten
Madame,Die,Madame,Madames
Mansion,Die,Villa,Herrenhäuser
Boom,Der,Boom,Ausleger
Lace,Die,Spitze,Schnürsenkel
Review,Die,Überprüfung,Bewertungen
Reception,Die,Rezeption,Empfänge
Scrap,Der,Schrott,Fetzen
Bead,Der,Wulst,Perlen
Glare,Die,Blendung,Blicke
Flow,Die,Strömung,Ströme
Cafe,Das,Cafe,Cafés
Status,Der,Status,Zustände
Pounding,Das,Pochen,Poundings
Rocket,Die,Rakete,Raketen
Canyon,Die,Schlucht,Schluchten
Sorrow,Die,Trauer,Leiden
Spider,Die,Spinne,Spinnen
Blast,Die,Explosion,Blasten
Personality,Die,Persönlichkeit,Persönlichkeiten
Campus,Der,Campus,Campus
Curse,Der,Fluch,Flüche
Staircase,Das,Treppenhaus,Treppenhäuser
Urge,Der,Drang,Triebe
Frustration,Die,Frustration,Frustrationen
Pump,Die,Pumpe,Pumpen
Ease,Die,Leichtigkeit,Kungen
Count,Die,Zählung,Grafen
Solution,Die,Lösung,Lösungen
Jewelry,Der,Schmuck,Schmuck
Siren,Die,Sirene,Sirenen
Hit,Der,Schlag,Treffer
Tradition,Die,Tradition,Traditionen
Curb,Das,Leer,Bordsteine
Variety,Die,Vielfalt,Sorten
Pirate,Der,Pirat,Piraten
Description,Die,Beschreibung,
Dear,Der,Liebe,Lieben
Anxiety,Die,Angst,Ängste
Pitch,Die,Tonhöhe,Stellplätze
Pizza,Die,Pizza,Pizzas
Elephant,Der,Elefant,Elefanten
Politics,Die,Politik,Politicses
Tennis,Der,Tennis,Tennises
Hunger,Der,Hunger,Hungert
Genius,Das,Genie,Genies
Goat,Die,Ziege,Ziegen
Victory,Der,Sieg,Siege
Combination,Die,Kombination,
Affiliation,Die,Zugehörigkeit,Zugehörigkeiten
Momma,Das,Momma,Mommas
Cape,Der,Umhang,Umhänge
Headlight,Der,Scheinwerfer,Scheinwerfer
Governor,Der,Gouverneur,Gouverneure
Oxygen,Die,Sauerstoff,
Bishop,Der,Bischof,Bischöfe
Bundle,Das,Bündel,Bündel
Development,Die,Entwicklung,Entwicklungen
Fingernail,Der,Fingernagel,Fingernägel
Score,Die,Punktzahl,Noten
Mate,Der,Steuermann,Mates
Rider,Der,Fahrer,Fahrer
Orbit,Die,Umlaufbahn,Bahnen
Vine,Der,Weinstock,Reben
Suite,Die,Suite,Suiten
Bartender,Der,Barkeeper,Barkeeper
Coke,Der,Koks,Kokse
Tune,Die,Melodie,Melodien
Glory,Die,Herrlichkeit,Herrlichkeiten
Rabbi,Der,Rabbi,Rabbiner
Surgery,Die,Operation,Operationen
Cattle,Das,Vieh,Rinder
Ritual,Das,Ritual,Rituale
Greeting,Die,Begrüßung,Grüße
Slice,Die,Scheibe,Scheiben
Fireplace,Der,Kamin,Kamine
Jersey,Das,Trikot,Trikots
Media,Die,Medien,Medien
Pop,Die,Pop,Pops
Cargo,Die,Fracht,Ladungen
Inn,Das,Gasthaus,Gasthöfe
Deputy,Der,Stellvertretende,Abgeordneten
Despair,Die,Verzweiflung,Verzweiflungen
Territory,Das,Territorium,Gebiete
Punch,Der,Schlag,Stempel
Jazz,Die,Jazz,Jazzs
Hug,Die,Umarmung,Umarmungen
Whistle,Die,Pfeife,Pfeifen
Humanity,Die,Menschlichkeit,
Craft,Das,Handwerk,Handwerk
Daylight,Das,Tageslicht,Daylighies
Worth,Der,Wert,Werte
Slip,Der,Slip,Schieber
Armor,Die,Rüstung,Rüstungen
Backpack,Der,Rucksack,Rucksäcke
Suggestion,Der,Vorschlag,Vorschläge
Den,Die,Höhle,Höhlen
Symbol,Das,Symbol,Symbole
Colony,Die,Kolonie,Kolonien
Conclusion,Das,Schlussfolgerung,Schlussfolgerungen
Nostril,Das,Nasenloch,Nasenlöcher
Spear,Der,Speer,Speere
Impulse,Der,Impuls,Impulse
Tomato,Die,Tomate,Tomaten
Calf,Das,Kalb,Kälber
Autumn,Der,Herbst,Herbste
Discovery,Der,Fund,Entdeckungen
Classroom,Das,Klassenzimmer,Klassenzimmer
Delivery,Die,Lieferung,Lieferungen
Spray,Das,Spray,Spraies
Liquid,Die,Flüssigkeit,Flüssigkeiten
Fuel,Die,Kraftstoff,Kraftstoffe
Underwear,Die,Unterwäsche,Unterwäsche
Dome,Die,Kuppel,Kuppeln
Population,Die,Bevölkerung,Populationen
Affection,Die,Neigung,Neigungen
Religion,Die,Religion,Religionen
Singer,Der,Sänger,Sänger
Attendant,Der,Begleiter,Teilnehmer
Illusion,Die,Illusion,Illusionen
Link,Der,Link,
Lounge,Das,Wohnzimmer,Lounges
Interior,Der,Innenraum,Innenräume
Shrug,Die,Achselzucken,Achselzucken
Zone,Die,Zone,Zonen
Standard,Der,Standard,Standards
Coal,Die,Kohlen,Kohlen
Chase,Die,Verfolgungsjagd,Verfolgungsjagden
Lump,Der,Klumpen,Klumpen
Charm,Der,Charm,Charme
Legend,Die,Legende,Legenden
Consequence,Die,Konsequenz,Konsequenzen
Observation,Die,Beobachtung,Beobachtungen
Bicycle,Das,Fahrrad,Fahrräder
Harm,Der,Schaden,Schäden
Pay,Die,Zahlung,Zahlt
Prospect,Das,Prospekt,Aussichten
Subway,Die,UBahn,UBahnen
Sample,Das,Muster,Beispiele
Cherry,Die,Kirsche,Kirschen
Dealer,Der,Händler,Händler
Assignment,Die,Zuordnung,Zuordnungen
Hurry,Die,Eile,Eilt
Mistress,Die,Geliebte,Mätressen
Mound,Der,Hügel,Hügel
Nonsense,Der,Unsinn,Unsinn
Committee,Das,Komitee,Ausschüsse
Echo,Das,Echo,Echos
Slack,Der,Durchhang,Hose
Decker,Die,Decker,Decker
Warehouse,Das,Warenhaus,Lagerhäuser
Bout,Der,Kampf,Kämpfe
Toast,Der,Toast,Toasts
Facility,Die,Einrichtung,Einrichtungen
Basketball,Der,Basketball,Basketbälle
Mustache,Der,Schnurrbart,Schnurrbärte
Senator,Der,Senator,Senatoren
Share,Das,Teilen,Aktien
Eyelid,Das,Augenlid,Augenlider
Enthusiasm,Die,Begeisterung,Begeisterung
Chunk,Die,Chunk,Brocken
Turtle,Die,Schildkröte,Schildkröten
Alcohol,Der,Alkohol,Alkohole
Gum,Die,Gummi,Gummis
Turkey,Der,Truthahn,Truthähne
Preacher,Der,Prediger,Prediger
Possession,Der,Besitz,Besitzungen
Dolly,Der,Dolly,Dollies
Linen,Das,Leinen,Bettwäsche
Apology,Die,Entschuldigung,Entschuldigung
Lecture,Der,Vortrag,Vorträge
Boulder,Der,Stein,Felsbrocken
Heap,Der,Heap,Haufen
Photographer,Der,Fotograf,Fotografen
Brake,Die,Bremse,Bremsen
Demand,Die,Nachfrage,Forderungen
Apron,Die,Schürze,Schürzen
Cloak,Der,Mantel,Umhänge
Jury,Die,Jury,
Hearing,Die,Anhörung,Anhörungen
Gray,Das,Graue,Grautöne
Crate,Die,Kiste,Kisten
Method,Die,Methode,
Reference,Die,Referenz,Verweise
Disgust,Der,Ekel,Ekelt
Liquor,Die,Flotte,Flotten
Lipstick,Der,Lippenstift,
Core,Der,Kern,Kerne
Individual,Der,Einzelne,Personen
Container,Der,Container,Behälter
Whore,Die,Hure,Huren
Infant,Das,Kleinkind,Säuglinge
Sunglasses,Die,Sonnenbrille,Sunglasseses
Hose,Der,Schlauch,Schläuche
Concert,Das,Konzert,
Bullshit,Das,Bullshit,Bullshits
Railroad,Die,Eisenbahn,Eisenbahnen
Parade,Die,Parade,Paraden
Compartment,Das,Fach,Abteile
Resident,Der,Bewohner,Bewohner
Oven,Der,Backofen,Öfen
Technician,Der,Techniker,Techniker
Procedure,Das,Verfahren,Verfahren
Fighter,Der,Kämpfer,Kämpfer
Grain,Das,Korn,Körner
Picnic,Das,Picknick,Picknicks
Tribe,Der,Stamm,Stämme
Bud,Die,Knospe,Knospen
Meadow,Die,Wiese,Wiesen
Public,Die,Öffentlichkeit,Öffentlichkeit
Poison,Das,Gift,Gifte
Buffalo,Der,Büffel,Büffel
Region,Die,Region,Regionen
Production,Die,Produktion,Produktionen
Running,Das,Rennen,Vorlauf
Loop,Die,Schleife,Schlaufen
Sleeping,Der,Schlaf,
Soda,Die,Soda,Limonaden
Owl,Die,Eule,Eulen
Menu,Das,Menü,Menüs
Kick,Der,Kick,Tritte
Ruin,Die,Ruine,Ruinen
Ramp,Die,Rampe,Rampen
Streak,Der,Streifen,Streifen
Forearm,Unterarm,~,
Bureau,Das,Büro,Büros
Knuckle,Der,Achsschenkel,Knöchel
Goose,Die,Gans,Gänse
Advance,Der,Vormarsch,Fortschritte
Fairy,Die,Fee,Feen
Illness,Die,Krankheit,Krankheiten
Squad,Die,Mannschaft,Kader
Official,Das,Beamte,Beamten
Brand,Die,Marke,Marken
Organ,Die,Orgel,Organe
Butterfly,Der,Schmetterling,Schmetterlinge
Empire,Das,Reich,Reiche
Profile,Das,Profil,Profile
Liberty,Die,Freiheit,
Disbelief,Der,Unglaube,Unglauben
Grove,Der,Hain,Haine
Shield,Das,Schild,Schilde
Saddle,Der,Sattel,Sättel
Odds,,,Chancen
Satellite,Der,Satellit,Satelliten
Trigger,Der,Abzug,Auslöser
Puppy,Der,Welpe,Welpen
Waiting,Die,Warte,Erwartungen
Bulb,Die,Glühbirne,Zwiebeln
Dresser,Die,Kommode,Kommoden
Patrol,Die,Patrouille,Patrouillen
Eagle,Der,Adler,Adler
Privacy,Der,Privatsphäre,Privatsphären
Fluid,Das,Fluid,
Herd,Die,Herde,Herden
Headache,Der,Kopfschmerz,Kopfschmerzen
Amusement,Der,Vergnügungspark,
Wheelchair,Der,Rollstuhl,Rollstühle
Policy,Die,Richtlinie,Politik
Belle,Das,Belle,Belles
Tobacco,Die,Tabak,Tabake
Setting,Die,Einstellung,
Tattoo,Die,Tätowierung,Tattoos
Burden,Die,Last,Lasten
Merchant,Der,Händler,Kaufleute
Slide,Die,Rutsche,Schieber
Stain,Der,Fleck,Flecken
Eating,Das,Essen,
Bond,Die,Bindung,Bindunge
Swimming,Das,Schwimmen,
Foundation,Die,Grundlage,Grundlagen
Injury,Die,Verletzung,Verletzungen
League,Die,Liga,Ligen
Battery,Die,Batterie,Batterien
Umbrella,Der,Regenschirm,Sonnenschirme
Emperor,Der,Kaiser,Kaiser
Pier,Der,Pier,Pfeiler
Tap,Der,Wasserhahn,Wasserhähne
Wit,Der,Witz,Witze
Cutter,Der,Cutter,Cutter
Attic,Der,Dachboden,Dachböden
Tiger,Der,Tiger,Tiger
Pal,Der,Kumpel,Kumpels
Ancestor,Der,Vorfahr,Vorfahren
Concentration,Die,Konzentration,Konzentrationen
Mount,Das,Reittier ,Reittiere
Expense,Der,Aufwand,Aufwände 
Blessing,Der,Segen,Segen
Ledge,Die,Leiste,Leisten
Torch,Die,Fackel,Fackeln
Ink,Die,Tinten,Tinten
Plot,Die,Handlung,Grundstücke
Rent,Die,Miete,Mieten
Mule,Das,Maultier,Maultiere
Arch,Der,Bogen,Bögen
Environment,Die,Umgebung,Umgebungen
Frown,Das,Stirnrunzeln,
Inspector,Der,Inspektor,Inspektoren
Midst,Die,Mitte,Mitten
Embarrassment,Die,Verlegenheit,
Complaint,Die,Beschwerde,Beschwerden
Portion,Die,Portion,Portionen
Clearing,Die,Lichtung,Lichtungen
Crisis,Die,Krise,Krisen
Necklace,Die,Halskette,Halsketten
Lantern,Die,Laterne,Laternen
Wealth,Der,Reichtum,Reichtümer
Murderer,Der,Mörder,Mörder
Civilization,Die,Zivilisation,Zivilisationen
Concept,Das,Konzept,Konzepte
Lamb,Das,Lamm,Lämmer
Stride,Der,Schritt,Schritten
Cuff,Die,Manschette,Manschetten
Virgin,Die,Jungfrau,Jungfrauen
Squirrel,Das,Eichhörnchen,Eichhörnchen
Starling,Der,Star,Stare
Depression,Die,Depression,Vertiefungen
Storage,Das,Speicher,Speicher
Altar,Der,Altar,Altäre
Tragedy,Die,Tragödie,Tragödien
Resource,Die,Ressource,Ressourcen
Traveler,Der,Reisende,Reisenden
Trust,Das,Vertrauen,
Arc,Die,Bogen,Bögen
Kingdom,Das,Königreich,Königreiche
Jewel,Das,Juwel,Juwelen
Musician,Der,Musiker,Musiker
Airplane,Das,Flugzeug,Flugzeuge
Junk,Die,Junk,Dschunken
Sunshine,Der,Sonnenschein,
Lad,Der,Junge,Jungs
Elf,Der,Elf,Elfen
Protest,Der,Protest,Proteste
Hunt,Die,Jagd,Jagden
Executive,Die,Führungskraft,Führungskräfte
Diary,Das,Tagebuch,Tagebücher
Aspect,Das,Aspekt,Aspekte
Dial,Das,Zifferblatt,Zifferblätter
Slipper,Der,Pantoffel,Pantoffeln
Actress,Die,Schauspielerin,Schauspielerinnen
Shooting,Das,Schießen,Schießen
Earring,Der,Ohrring,Ohrringe
Ant,Die,Ameise,Ameisen
Patty,Die,Patty,Bratlinge
Sauce,Die,Soße,Soßen
Missile,Die,Rakete,Raketen
Intensity,Die,Intensität,Intensitäten
Ditch,Der,Graben,Gräben
Daisy,Das,Gänseblümchen,
Chapel,Die,Kapelle,Kapellen
Swamp,Der,Sumpf,Sümpfe
Relation,Die,Beziehung,Beziehungen
Guess,Die,Vermutung,Vermutungen
Crane,Der,Kran,Kräne
Encounter,Die,Begegnung,Begegnungen
Sequence,Die,Sequenz,Sequenzen
Fragment,Das,Fragment,Fragmente
Draft,Der,Entwurf,Entwürfe
Function,Die,Funktion,Funktionen
Organization,Die,Organisation,Organisationen
Skeleton,Das,Skelett,Skelette
Misery,Das,Elend,Elend
Herb,Das,Kraut,Kräuter
Stump,Der,Stumpf,Stümpfe
Stake,Der,Einsatz,Einsätze
Puff,Die,Puff,
Creation,Die,Kreation,Kreationen
Wake,Das,Gefolge,Totenwache
Wizard,Der,Zauberer,Zauberer
Mat,Die,Matte,Matten
Seal,Die,Dichtung,Dichtungen
Twilight,Das,Dämmerung,Dämmerungen
Grunt,Das,Grunzen,Grunzen
Punishment,Die,Strafe,Strafen
Clan,Der,Clan,Clans
Copper,Das,Kupfer,Kupfer
Debris,Die,Trümmer,Debrises
Painter,Der,Maler,Maler
Steering,Das,Steuer,Lenkungen
Math,Die,Mathematik,Mathematik
Recognition,Die,Anerkennung,Anerkennungen
Temper,Das,Temperament,
Regret,Das,Bedauern,
Destination,Das,Ziel,Ziele
Mill,Die,Mühle,Mühlen
Error,Der,Fehler,Fehler
Romance,Die,Romantik,Romane
Topic,Das,Thema,Themen
Patio,Die,Terrasse,Terrasses
Shovel,Die,Schaufel,
Pajamas,Die,Pyjama,Pyjamas
Pigeon,Die,Taube,Tauben
Dinosaur,Der,Dinosaurier,Dinosaurier
Industry,Die,Branche,Industrie
Operator,Der,Betreiber,Betreiber
Lift,Der,Lift,Lifte
Counselor,Der,Ratgeber,Berater
Gathering,Die,Versammlung,Versammlungen
Principle,Das,Prinzip,Grundsätze
Drama,Das,Drama,Dramen
Chick,Das,Küken,Küken
Chart,Das,Diagramm,Charts
Campaign,Die,Kampagne,Kampagnen
Laurel,Der,Lorbeer,Lorbeeren
Steak,Das,Steak,Steaks
Criminal,Der,Kriminelle,Verbrecher
Globe,Der,Globus,Kugeln
Bruise,Der,Bluterguss,Blutergüsse
Knob,Der,Knopf,Knöpfe
Killing,Das,Mord,Morde
Sweetheart,Der,Liebling,Lieblinge
Opera,Die,Oper,Opern
Frost,Der,Frost,Fröste
Nipple,Der,Nippel,Nippel
Reverend,Der,Pfarrer,Pfarrer
Haze,Die,Trübung,Trübungen
Flood,Die,Flut,Fluten
Carol,Das,Weihnachtslied,Weihnachtslieder
Weakness,Die,Schwäche,Schwächen
Cooking,Das,Kochen,
Butcher,Der,Metzger,Metzger
Cube,Der,Würfel,Würfel
Cellar,Der,Keller,Keller
Hollow,Der,Hohl,Hohlräume
Bump,Der,Höcker,Höcker
Halt,Der,Halt,Haltepunkte
Hay,Das,Heu,
Bark,Die,Rinde,Rinden
Survival,Die,Überlebens,Überreste
Bunk,Die,Etagen,Kojen
Bend,Die,Biegung,Biegungen
Approval,Die,Freigabe,Zulassungen
Division,Der,Unternehmensbereich,Abteilungen
Cocktail,Der,Cocktail,Cocktails
Contest,Der,Wettbewerb,Wettbewerbe
Paradise,Das,Paradies,Paradiese
Razor,Das,Rasiermesser,Rasierer
Catch,Der,Fang,Fänge
Blossom,Die,Blüte,Blüten
Puddle,Die,Pfütze,Pfützen
Electricity,Der,Strom,Elektricitäten
Onion,Die,Zwiebel,Zwiebeln
Laser,Die,Laser,Laser
Cushion,Das,Kissen,Kissen
Influence,Der,Einfluss,Einflüsse
Jump,Der,Sprung,Sprünge
Cement,Der,Zement,Zemente
Amber,Die,Gelbe,Ambers
Goddess,Die,Göttin,Göttinnen
Shack,The,Shack,Baracken
Sales,Die,Verkäufe,Saleses
Drift,Die,Drift,Drifts
Fighting,Die,Kämpfe,Kämpfe
Braid,Das,Geflecht,Zöpfe
Theme,Das,Thema,Themen
Dignity,Die,Würde,Dignität
Lemon,Die,Zitrone,Zitronen
Clown,Der,Clown,Clowns
Assault,Der,Angriff,Angriffe
Goggle,Die,Schutzbrille,Schutzbrillen
Destruction,Die,Zerstörung,Zerstörungen
Exception,Die,Ausnahme,Ausnahmen
Peach,Der,Pfirsich,Pfirsiche
Wash,Die,Wasch,Wasch
Release,Die,Befreiung,Freigaben
Spy,Der,Spion,Spione
Tag,Die,Tag,Tags
Bra,Der,Bh,Bhs
Debt,Die,Schuld,Schulden
Terrace,Die,Terrasse,Terrassen
Remnant,Das,Überbleibsel,Überbleibsel
Logic,Die,Logik,Logik
Joint,Das,Gelenk,Gelenke
Pitcher,Der,Krug,Krüge
Perspective,Die,Perspektive,Perspektiven
Crop,Die,Ernte,Ernte
Graduate,Der,Diplom,Absolventen
Chorus,Der,Chor,Chöre
Survivor,Der,Überlebende,Überlebenden
Payment,Die,Bezahlung,Bezahlungen
Bet,Die,Wette,Wetten
Revenge,Die,Rache,Rache
Plaza,Der,Platz,Plätze
Elder,Der,Ältere,Ältesten
Ginger,Der,Ingwer,Ingwer
Surgeon,Der,Chirurg,Chirurgen
Dash,Der,Stich,Striche
Sandal,Die,Sandale,Sandalen
Hatred,Der,Hass,Hass
Departure,Die,Abfahrt,Abfahrten
Outline,Der,Umriss,Umrisse
Raven,Der,Rabe,Raben
Runner,Der,Läufer,Läufer
Anticipation,Die,Vorfreude,Erwartungen
Translation,Die,Übersetzung,Übersetzungen
Headquarters,Der,Hauptsitz ,Hauptsitze
Celebration,Die,Feier,Feiern
Agony,Die,Qual,Qualen
Sneakers,Die,Turnschuhe,Sneakerses
Terminal,Das,Terminal,Endgeräte
Expectation,Die,Erwartung,Erwartungen
Pasture,Die,Weide,Weiden
Console,Die,Konsole,Konsolen
Strike,Der,Streik,Streiks
Rescue,Die,Rettung,Rettungsaktionen
Badge,Das,Abzeichen,Abzeichen
Fund,Der,Fonds,Fonds
Try,Der,Versuch,Versuche
Foyer,Das,Foyer,Foyeies
Pastor,Der,Pastor,Pastoren
Embrace,Die,Umarmung,Umarmungen
Puzzle,Das,Puzzle,Rätsel
Canal,Der,Kanal,Kanäle
Charity,Die,Wohltätigkeit ,Wohltätigkeiten
Principal,Der,Direktor,Direktor
Applause,Der,Applaus,
Philosophy,Die,Philosophie,Philosophien
Trench,Der,Graben,Gräben
Nephew,Der,Neffe,Neffen
Essay,Der,Aufsatz,Aufsätze
Repair,Die,Reparatur,Reparaturen
Mix,Der,Mix,Mixs
Mob,Der,Mob,Mobs
Barrier,Die,Barriere,Barrieren
Disk,Die,Platte,Scheiben
Goodness,Die,Güte,Goodnesses
Scout,Der,Scout,Pfadfinder
Importance,Die,Wichtigkeit,Wichtigkeiten
Destiny,Das,Schicksal,Schicksale
Aid,Die,Beihilfen,Beihilfen
Microphone,Das,Mikrofon,Mikrofone
Label,Das,Etikett,Etiketten
Pepper,Der,Pfeffer,Paprika
Coyote,Der,Kojote,Kojoten
Teaching,Das,Lehren,Lehren
Burn,Die,Verbrennung,Verbrennungen
Vest,Die,Weste,Westen
Pony,Das,Pony,Ponys
Donkey,Der,Esel,Esel
Cycle,Der,Kreislauf,Zyklen
Gasp,Das,Keuchen,Keuchen
Irony,Die,Ironie,Ironien
Award,Die,Auszeichnung,Auszeichnungen
Grape,Die,Traube,Trauben
Hesitation,Das,Zögern,
Tavern,Die,Taverne,Tavernen
Chore,Die,lästige Arbeit,lästige Arbeiten
Sphere,Die,Kugel,Kugeln
Sail,Das,Segel,Segel
Silhouette,Die,Silhouette,Silhouetten
Institute,Das,Institut,Institute
Liar,Der,Lügner,Lügner
Technique,Die,Technik,Techniken
Index,Der,Index,Indexs
Plank,Das,Brett,Bretter
Jerk,Der,Ruck,Idioten
Growth,Das,Wachstum,Wucherungen
Stocking,Der,Strumpf,Strümpfe
Blackness,Die,Schwärze,Schwärzen
Teen,Der,Teenager,Jugendlichen
Bracelet,Das,Armband,Armbänder
Jelly,Das,Gelee,Gelees
Diet,Die,Diät,Diäten
Beef,Das,Fleisch,Beefs
Concrete,Der,Beton,Betone
Contrast,Der,Kontrast,Kontraste
Banner,Das,Banner,Banner
Resistance,Der,Widerstand,Widerstände
Stay,Der,Aufenthalt,Aufenthalte
Posture,Die,Haltung,Haltungen
Vodka,Der,Wodka,Wodkas
Album,Das,Album,Alben
Era,Die,Ära,Epochen
Acquaintance,Die,Bekanntschaft,Bekannten
Revolution,Die,Revolution,Revolutionen
Nap,Der,Nap,Noppen
Veil,Der,Schleier,Schleier
Spectacle,Das,Schauspiel,Brille
Competition,Der,Wettbewerb,Wettbewerbe
Scalp,Die,Kopfhaut,Kopfhaut
Holly,Die,Stechpalme,Hollies
Winner,Der,Gewinner,Gewinner
Appetite,Der,Appetit,Appetit
Ivy,Der,Efeu,Efeu
Cue,Der,Cue,Stichworte
Strain,Der,Stamm,Stämme
Niece,Die,Nichte,Nichten
Galaxy,Die,Galaxie,Galaxien
Bedside,Die,Nacht,Bettseiten
Madness,Die,Verrücktheit,Verrücktheiten
Baker,Der,Bäcker,Bäcker
Virus,Das,Virus,Viren
Suffering,Das,Leiden,Leiden
Slot,Der,Schlitz,Schlitze
Folder,Der,Ordner,Ordner
Confession,Das,Bekenntnis,Geständnisse
Porter,Der,Gepäckträger,Torhüter
Dessert,Das,Dessert,Desserts
Dump,Die,Müllhalde,Deponien
Packet,Das,Paket,Pakete
Profit,Der,Gewinn,Gewinne
Grandchild,Der,Enkel,Enkelkinder
Gossip,Der,Tratsch,Klatsch
Mare,Die,Stute,Stuten
Dna,Die,Dna,Dnas
Torso,Der,Rumpf,Torsi
Broom,Der,Besen,Besen
Hoof,Der,Huf,Hufe
Sensor,Der,Sensor,Sensoren
Peasant,Der,Bauer,Bauern
Scholar,Der,Gelehrte,Gelehrten
Therapy,Die,Therapie,Therapie
Peanut,Die,Erdnuss,Erdnüsse
Headline,Die,Schlagzeile,Schlagzeilen
Bacon,Der,Speck,Specke
Stern,Das,Heck,Hecks
Violin,Die,Geige,Violinen
Plague,Die,Pest,Plagen
Blur,Die,Unschärfe,Unschärfen
Meantime,Die,Zwischenzeit,Zwischenzeiten
Deacon,Der,Diakon,Diakone
Lance,Die,Lanze,Lanzen
Arrest,Die,Festnahme,Verhaftungen
Banana,Die,Banane,Bananen
Gin,Der,Gin,Gins
Willow,Die,Weide,Weiden
Shark,Der,Hai,Haie
Preparation,Die,Vorbereitung,Vorbereitungen
Scratch,Die,Kratzer,Kratzer
Dressing,Der,Verband,Verbände
Signature,Die,Unterschrift,Unterschriften
Admiral,Der,Admiral,Admirale
Analysis,Die,Analyse,Analysisies
Rainbow,Der,Regenbogen,Regenbogen
Lizard,Die,Eidechse,Eidechsen
Dwarf,Der,Zwerg,Zwerge
Stress,Der,Stress,Belastungen
Homework,Die,Hausaufgabe,Hausaufgaben
Mixture,Die,Mischung,Mischungen
Verse,Der,Vers,Verse
Conviction,Die,Überzeugung,Überzeugungen
Rover,Der,Rover,Rover
Wren,Der,Zaunkönig,Zaunkönige
Compound,Die,Verbindung,Verbindungen
Expedition,Die,Expedition,Expeditionen
Reward,Die,Belohnung,Belohnungen
Pillar,Die,Säulen,Säulen
Jam,Die,Marmelade,Marmeladen
Brandy,Der,Schnaps,Brände
Residence,Die,Residenz,Residenzen
Baron,Der,Baron,Barone
Enterprise,Das,Unternehmen,Unternehmen
Complex,Der,Komplex,Complexs
Candidate,Der,Kandidat,Kandidaten
Triumph,Der,Triumph,Triumphes
Twist,Die,Wendung,Drehungen
Sketch,Die,Skizze,Skizzen
Register,Das,Register,Register
Heartbeat,Der,Herzschlag,Herzschläge
Cafeteria,Die,Cafeteria,Cafeterien
Fee,Die,Gebühr,Gebühren
Hillside,Die,Hang,Hänge
Maze,Das,Labyrinth,Labyrinthe
Fisherman,Der,Fischer,Fishermans
Hum,Das,Brummen,Summt
Kitten,Das,Kätzchen,Kätzchen
Dread,The,Dread,Dreads
Substance,Die,Substanz,Substanzen
Melody,Die,Melodie,Melodien
Bang,Der,Knall,Pony
Dagger,Der,Dolch,Dolche
Intent,Die,Absicht,Absichten
Con,Das,Con,Nachteile
Loneliness,Die,Einsamkeit,Einsamkeiten
Motorcycle,Das,Motorrad,Motorräder
Amazement,Das,Staunen,Amazements
Peer,Die,Peer,Peers
Tech,Die,Tech,Teches
Insult,Die,Beleidigung,Beleidigungen
Capacity,Die,Kapazität,Kapazität
Awe,Die,Ehrfurcht,Awes
Chili,Die,Chili,Chilis
Lodge,Die,Lodge,Logen
Clip,Der,Clip,Clips
Limo,Die,Limousine,Limousinen
Mosquito,Die,Mücke,Mücken
Dice,Der,Würfel,Würfel
Shake,Der,Shake,Shakes
Feast,Das,Festmahl,Feste
Casino,Das,Casino,Casinos
Pea,Die,Erbse,Erbsen
Murmur,Das,Murmeln,Murmeln
Conflict,Der,Konflikt,Konflikte
Stem,Der,Stamm,Stiele
Comrade,Der,Genosse,Genossen
Flock,Die,Herde,Herden
Sob,Das,Schluchzen,
Pregnancy,Die,Schwangerschaft,Schwangerschaften
Suspect,Der,Verdächtige,Verdächtigen
Coincidence,Der,Zufall,Zufälle
Ranger,Der,Waldläufer,Ranger
Cartoon,Die,Karikatur,Karikaturen
Roommate,Der,Mitbewohner,Mitbewohner
Kindness,Die,Freundlichkeit,Freundlichkeiten
Cruiser,Der,Kreuzer,Kreuzer
Conscience,Das,Gewissen,Gewissen
Cheer,Der,Hochruf ,Hochrufe
Cone,Der,Kegel,Kegel
Circuit,Die,Schaltung,Schaltungen
Ivory,Das,Elfenbein,Elfenbeine
Carpenter,Der,Zimmermann,Zimmermänner
Realm,Das,Reich,Reiche
Reservation,Die,Reservierung,Reservierungen
Entertainment,Die,Unterhaltung,Unterhaltungen
Crab,Die,Krabbe,Krabben
Groan,Das,Stöhnen,Stöhnen
Academy,Die,Akademie,Akademien
Longing,Die,Sehnsucht,Sehnsüchte
Kip,Die,Kip,Kips
Drill,Der,Bohrer,Bohrer
Luggage,Das,Gepäck,
Canopy,Der,Baldachin,Baldachine
Thrill,Der,Nervenkitzel,Nervenkitzel
Virtue,Die,Tugend,Tugenden
Marsh,Der,Sumpf,Sümpfe
Chimney,Der,Schornstein,Schornsteine
Anchor,Die,Anker,Anker
Harmony,Die,Harmonie,Harmonien
Maple,Das,Ahorn,Ahorne
Bunny,Das,Hase,Hasen
Mode,Der,Modus,Modi
Throne,Der,Thron,Throne
Application,Die,Anwendung,Anwendungen
Physics,Die,Physik,
Neon,Das,Neon,Neons
Airlock,Die,Luftschleuse,Luftschleusen
Fatigue,Die,Ermüdungs,Strapazen
Thanksgiving,Die,Danksagung,Danksagungen
Manuscript,Das,Manuskript,Handschriften
Basis,Die,Basis,Basises
Memorial,Das,Denkmal,
Cupboard,Der,Schrank,Schränke
Leap,Der,Sprung,Sprünge
Japanese,Die,Japaner,Japaneses
Engineering,Das,Engineering,Engineerings
Left,Die,Linke,Linke
Ache,Der,Schmerz,Schmerzen
Bronze,Die,Bronze,Bronzen
Association,Die,Assoziation,Verbände
Fleet,Die,Flotte,Flotten
Marker,Der,Marker,Marker
Prey,Die,Beute,Beute
Dove,Die,Taube,Tauben
Grasp,Der,Griff,Griffe
Episode,Die,Folge,Folgen
Origin,Der,Ursprung,Ursprünge
Vacuum,Das,Vakuum,
Cathedral,Die,Kathedrale,Kathedralen
Management,Das,Management,
Continent,Der,Kontinent,Kontinente
Volunteer,Die,Freiwillige,Freiwilligen
Soccer,Der,Fußball,
Hem,Der,Saum,Säume
Mention,Die,Erwähnung,Erwähnungen
Lust,Die,Lust,Begierden
Giggle,Die,Kichern,Kichern
Classmate,Die,Klassenkameraden,Klassenkameraden
Cleaning,Die,Reinigung,Reinigungen
Receptionist,Der,Rezeptionist,Receptionisten
Caller,Der,Anrufer,Anrufer
Pursuit,Der,Verfolgung,Verfolgungen
Contempt,Die,Verachtung,Verachtungen
Sacrifice,Das,Opfer,Opfer
Grandparent,Die,Großeltern,Großeltern
Threshold,Der,Grenzbereich,Schwellen
Deed,Die,Tat,Taten
Countryside,Die,Landschaft,Landschaften
Artifact,Das,Artefakt,Artefakte
Wrinkle,Die,Falten,Falten
Magician,Der,Magier,Zauberer
Pang,Der,Stich,Stiche
Italian,Die,Italienische,Italiener
Eternity,Die,Ewigkeit,Ewigkeit
Slate,Der,Schiefer,Schiefertafeln
Stairwell,Das,Treppenhaus,Treppenhäuser
Announcement,Die,Ankündigung,Ankündigungen
Motive,Das,Motiv,Motive
Mechanic,Der,Mechaniker,Mechanik
Ally,Der,Verbündeter,Verbündete 
Vase,Die,Vase,Vasen
Salesman,Der,Verkäufer,Salesmans
Therapist,Der,Therapeut,Therapeuten
Granny,Die,Oma,Omas
Maverick,Der,Außenseiter,Mavericks
Bandage,Die,Bandage,Bandagen
Ham,Der,Schinken,Schinken
Carter,Der,Fuhrmann,Fuhrmänner
Investment,Die,Investition,Investitionen
Appeal,Die,Beschwerde,Beschwerden
Innocence,Die,Unschuld,
Calendar,Der,Kalender,Kalender
Rooftop,Die,Dach,Dächer
Combat,Der,Kampf,Kämpfe
Revelation,Die,Offenbarung,Offenbarungen
Pancake,Der,Pfannkuchen,Pfannkuchen
Asteroid,Der,Asteroid,Asteroiden
Postcard,Die,Postkarte,Postkarten
Garment,Das,Kleidungsstück,Kleidungsstücke
Determination,Die,Bestimmung,Bestimmungen
Tractor,Der,Traktor,Traktoren
Berry,Die,Beere,Beeren
Surroundings,Die,Umgebung,Surroundingses
Clump,Der,Klumpen,Klumpen
Offense,Die,Straftat,Straftaten
Introduction,Die,Einleitung,Einleitungen
Butler,Der,Butler,Butlers
Cough,Der,Husten,Coughes
Granite,Der,Granit,Granite
Ambassador,Der,Botschafter,Botschafter
Turning,Der,Wende,Späne
Sitting,Die,Sitzung,Sitzungen
Compliment,Das,Kompliment,Komplimente
Carton,Der,Karton,Schachteln
Doorbell,Die,Türklingel,Türklingeln
Certainty,Die,Gewissheit,Gewissheiten
Politician,Der,Politiker,Politiker
Gratitude,Die,Dankbarkeit,Dankbarkeites
Current,Der,Strom,Ströme
Gloom,Die,Düsternis,Düsternisse
Plaster,Der,Pflaster,Pflaster
Settlement,Die,Siedlung,Siedlungen
Chop,Der,Hieb,
Homicide,Die,Mordkommission,Mordkommissionen
Aluminum,Die,Aluminium,Aluminums
Boulevard,Der,Boulevard,Boulevards
Pupil,Der,Schüler,Schüler
Float,Der,Schwimmer,Schwimmer
Profession,Der,Beruf,
Retreat,Der,Rückzug,Exerzitien
Intersection,Der,Schnittpunkt,Schnittpunkte
Scheme,Das,Schema,Schemata
Emptiness,Die,Leere,
Publisher,Der,Verlag,Verleger
Circus,Der,Zirkus,Zirkusse
Dimension,Die,Abmessung,Abmessungen
Zoo,Der,Tierpark,Tierpärke
Sickness,Die,Krankheit,Krankheiten
Messenger,Der,Bote,Boten
Beau,Der,Verehrer,Verehrer
Tangle,Das,Gewirr,
Personnel,Das,Personal,Personnels
Strategy,Die,Strategie,Strategien
Desperation,Die,Verzweiflung,Verzweiflungen
Businessman,Der,Geschäftsmann,Geschäftsmänner
Pod,Die,Schote,Schoten
Drain,Der,Abfluss,Abflüsse
Strawberry,Die,Erdbeere,Erdbeeren
Anniversary,Der,Jahrestag,Jahrestage
Binoculars,Das,Fernglas,Binocularses
Gulf,Die,Kluft,Klüfte
Discipline,Die,Disziplin,Disziplinen
Hedge,Die,Hecke,Hecken
Moan,Das,Stöhnen,Stöhnen
Income,Das,Einkommen,Einkommen
Myth,Der,Mythos,Mythen
Shutter,Der,Verschluss,Verschlüsse
Raft,Das,Floß,Flöße
Physician,Der,Arzt,Ärzte
Ambition,Der,Ehrgeiz,
Camel,Das,Kamel,Kamele
Beating,Das,Schlagen,Schläge
Acid,Das,Acid,
Cereal,Das,Müsli,Müsli
Basin,Das,Becken,Becken
Nightgown,Das,Nachthemd,Nachthemden
Internet,Das,Internet,Internets
Cockpit,Das,Cockpit,Cockpits
Wreck,Das,Wrack,Wracks
Wig,Die,Perücke,Perücken
Rein,Der,Zügel,Zügel
Recorder,Der,Rekorder,Rekorder
Pork,Das,Schweinefleisch,
Hound,Der,Hund,Hunde
Boundary,Die,Grenze,Grenzen
Exam,Die,Prüfung,Prüfungen
Courtesy,Die,Höflichkeit,Höflichkeiten
Assistance,Die,Hilfe,Unterstützungen
Cheekbone,Die,Wangenknochen,Wangenknochen
Whip,Die,Peitsche,Peitschen
Pilgrim,Der,Pilger,Pilger
Grease,Das,Fett,Fette
Collapse,Der,Kollaps,Zusammenbrüche
Faculty,Die,Fakultät,Fakultäten
Reminder,Die,Erinnerung,Erinnerungen
Sage,Der,Weise,Weisen
Asphalt,Der,Asphalt,Asphalte
Privilege,Das,Privileg,Privilegien
Stairway,Das,Treppenhaus,Treppen
Maintenance,Die,Wartung,Wartungen
Sweetie,Die,Süße,Süßigkeiten
Orchard,Der,Obstgarten,Obstgärten
Cot,Das,Kinderbett,Kinderbetten
Pouch,Der,Beutel,Beutel 
Lighter,Das,Feuerzeug,Feuerzeuge
Kitty,Die,Katze,Kätzchen
Formation,Die,Formation,Formationen
Snack,Die,Snack,Snacks
Talking,Das,Reden,Gesprächen
Shriek,Der,Schrei,Schreie
Sculpture,Die,Skulptur,Skulpturen
Chairman,Der,Vorsitzende,Chair
Sum,Die,Summe,Summen
Carrot,Die,Karotte,Karotten
Ripple,Die,Welligkeit,Wellen
Stripe,Der,Streifen,Streifen
Cavern,Die,Höhle,Höhlen
Radar,Die,Radar,Radare
Ponytail,Der,Pferdeschwanz,Pferdeschwänze
Designer,Der,Designer,Designer
Surge,Der,Schwall,
Heir,Der,Erbe,Erben
Vault,Das,Gewölbe,Gewölbe
Sissy,Das,Weichei,Weicheier
Stillness,Die,Stille,
Tunic,Die,Tunika,Tuniken
Native,Der,Einheimische,Einheimische
Lovemaking,Das,Liebesspiel,
Aide,Der,Helfer,Helfer
Bulk,Die,Masse,Massen
Poker,Der,Poker,Poker
Lime,Die,Limette,Limetten
Surveillance,Das,Überwachung,Überwachungen
Assembly,Die,Versammlung,Versammlungen
Grandson,Der,Enkel,Enkel
Chopper,Der,Hubschrauber,Hubschrauber
Carrier,Der,Träger,Träger
Engagement,Die,Verlobung,Verlobungen
Kin,Die,Verwandtschaft,
Mum,Die,Mutter,Mütter
Lighting,Die,Beleuchtung,Beleuchtung
Fit,Der,Sitz,Sitze
Pull,Die,das Ziehen,
Verge,The,Verge,Seitenstreifen
Farmhouse,Das,Bauernhaus,Bauernhäuser
Wait,Das,Warten,Wartezeiten
Assassin,Der,Attentäter,Attentäter
Foam,Der,Schaum,Schäume
Tug,Der,Schlepper,Schlepper
Journalist,Der,Journalist,Journalisten
Recording,Die,Aufnahme,Aufnahmen
Cure,Die,Heilung,Heilungen
Descent,Der,Abstieg,Abstiege
Ringing,Das,Klingeln,
Scissors,Die,Schere,
Twig,Der,Zweig,Zweige
Resort,Der,Urlaubsort,Urlaubsorts
Guardian,Der,Wächter,Wächter
Opponent,Der,Gegner,Gegner
Chef,Der,Küchenchef,Köche
Wheat,Der,Weizen,Weizen
Hurricane,Der,Hurrikan,Hurrikane
Playground,Der,Spielplatz,Spielplätze
Mushroom,Der,Pilz,Pilze
Keyboard,Die,Tastatur,Keyboaries
Cedar,Die,Zeder,Zedern
Crest,Das,Wappen,Kämme
Jasmine,Der,Jasmin,Jasmin
Armchair,Der,Sessel,Sessel
Attraction,Die,Attraktion,
Blind,Die,Jalousie,Jalousien
Cylinder,Der,Zylinder,Zylinder
Swallow,Die,Schwalbe,Schwalben
Celebrity,Der,Prominente,Prominente
Wilderness,Die,Wildnis,Wildnis
Triangle,Das,Dreieck,Dreiecke
Stench,Der,Gestank,Gestank
Laboratory,Das,Laboratorium,Laboratorien
Array,Die,Anordnung,Anordnungen
Valentine,The,Valentine,Valentines
Retirement;Pension,Die,Rente,Renten
Ski,Der,Ski,Skier
Edition,Die,Ausgabe,Ausgaben
Supervisor,Der,Supervisor;Vorgesetzte,Supervisors/en;Vorgesetzter
Expanse,Die,Weite,Weiten
Ending,Das,Ende,Endungen
Moss,Das,Moos,Moose
Gale,Der,Sturm,Stürme
Loyalty,Die,Loyalität,Loyalitäten
Lavender,Der,Lavendel,Lavendel
Pardon,Die,Begnadigung,Begnadigungen
Ashtray,Der,Aschenbecher,Aschenbecher
Shard,Die,Scherbe,Scherben
Corporation,Das,Unternehmen,Konzerne
Distraction,Die,Ablenkung,Ablenkungen
Majesty,Die,Majestät,Majestäten
Pyramid,Die,Pyramide,Pyramiden
Fame,Der,Ruhm,
Graduation,Der,Schulabschluss,Abschlüsse
Distress,Die,Not,Nöte
Mage,Der,Magier,Magier
Independence,Die,Unabhängigkeit,Unabhängigkeiten
Crush,Der,Schwarm,
Chuckle,Die,Lache,Lachen
Dime,Die,Dime,Dimes
Aim,Das,Ziel,Ziele
Gust,Die,Bö,Böen
Russian,Der,Russe,Russen
Foreigner,Der,Ausländer,Ausländer
Salary,Das,Gehalt,Gehälter
Scope,Der,Umfang,
Rebel,Der,Rebell,Rebellen
Thug,Der,Schläger,Schläger
Tomb,Das,Grab,Gräber
Fridge,Der,Kühlschrank,Kühlschränke
Socket,Die,Steckdose,Buchsen
Dose,Die,Dosis,Dosen
Election,Die,Wahl,Wahlen
Refugee,Der,Flüchtling,Flüchtlinge
Phase,Die,Phase,Phasen
Pumpkin,Der,Kürbis,Kürbisse
Thorn,Der,Dorn,Dornen
Hide,Die,Haut,Häute
Sausage,Die,Wurst,Würste
Loan,Das,Darlehen,Darlehen
Spike,Die,Spitze,Spitzen
Crumb,Die,Krume,Krümel
Wax,Das,Wachs,Wachse
Growl,Das,Knurren,
Rental,Die,Vermietung,
Feed,Das,Futter,
Escort,Die,Eskorte,Eskorten
Astonishment,Das,Erstaunen,Erstaunlichkeiten
Flora,Die,Flora,Floren
Festival,Das,Fest,Feste
Debate,Die,Debatte,Debatten
Critic,Der,Kritiker,Kritiker
Bloom,Die,Blüte,Blüten
Loft,Das,Loft,Dachböden
Commission,Die,Kommission,Kommissionen
Flicker,Das,Flimmern,Flackert
Economy,Die,Wirtschaft,Volkswirtschaften
Radiation,Die,Strahlung,Strahlungen
Bodyguard,Der,Leibwächter,Leibwächter
Realization,Die,Realisierung,Realisierungen
Crater,Der,Krater,Krater
Voyage,Die,Reise,Reisen
Congress,Das,Kongress,Kongresse
Vote,Die,Abstimmung,Abstimmungen
Proposal,Der,Antrag,
Fry,Der,Braten,Braten
Shiver,Das,Zittern,
Obligation,Die,Verpflichtung,
Loser,Der,Verlierer,Verlierer
Instructor,Der,Lehrer,Ausbilder
Wink,Die,Zuzwinkern,Zwinkert
Pebble,Die,Kieselstein,Kieselsteine
Necessity,Die,Notwendigkeit,Notwendigkeiten
Workshop,Der,Workshop,Workshops
Sunrise,Der,Sonnenaufgang,
Exhaustion,Die,Erschöpfung,Erschöpfungs
Cubicle,Die,Kabine,Kabinen
Double,Der,Doppelgänger,Doppelgänger
Perimeter,Der,Umfang,Umfänge
Comb,Der,Kamm,Kämme
Finish,Das,Ende,
Purchase,Der,Kauf,Käufe
Interval,Das,Intervall,Intervalle
Splash,Der,Spritz,Spritzer
Convention,Die,Konvention,Konventionen
Awareness,Das,Bewusstsein,
Pose,Die,Pose,Posen
Cradle,Die,Wiege,Wiegen
Ram,Der,Widder,Widder
Seam,Die,Naht,Nähte
Associate,Der,Partner,
Pane,Die,Scheibe,Scheiben
Punk,Der,Punk,Punks
Remnant,Der,Überrest,Reste
Cracker,Der,Cracker,Cracker
Bluff,Der,Bluff,Klippen
Dune,Die,Düne,Dünen
Dentist,Der,Zahnarzt,Zahnärzte
Refuge,Die,Zuflucht,Schutzhütten
Satin,Die,Satin,Satins
Entity,Das,Wesen,Wesen
Mailbox,Das,Postfach,Mailboxs
Annoyance,Der,Ärger,Ärgernisse
Hiss,Das,Zischen,Zischt
Local,Das,Lokal,Lokale
Thud,Der,Schlag,Schläge
Dismay,Die,Bestürzung,Bestürzt
Flour,Das,Mehl,Mehle
Freak,Der,Freak,Freaks
Haircut,Der,Haarschnitt,Haarschnitte
Sweet,Die,Süßigkeit,Süßigkeiten
Orphan,Die,Waise,Waisen
Chess,Das,Schach,Chesses
Petal,Die,Blütenblatt,Blütenblätter
Paperwork,Die,Schreibarbeit,Papierarbeiten
Psychiatrist,Der,Psychiater,Psychiater
Singing,Der,Gesang,Gesänge
Interrupt,Das,Interrupt,Interrupts
Examination,Die,Untersuchung,
Admiration,Die,Bewunderung,Bewunderung
Freezer,Das,Gefrier,Gefriergeräte
Illustration,Die,Illustration,
Stew,Der,Eintopf,Eintöpfe
Investigator,Der,Ermittler,Ermittler
Suburb,Der,Vorort,Vororte
Biscuit,Der,Keks,Kekse
Holster,Das,Holster,Holster
Factor,Der,Faktor,Faktoren
Intimacy,Die,Intimität,Intimitäten
Lash,Die,Peitsche,Peitschen
Saving,Die,Einsparung,Einsparungen
Software,Die,Software,Software
Hen,Die,Henne,Hennen
Birch,Die,Birke,Birken
Inquiry,Die,Untersuchung,Anfragen
Nursery,Der,Kindergarten,Kindergärten
Transport,Der,Transport,Transporte
Extent,Das,Ausmaß,Ausmaße
Definition,Die,Definition,Definitionen
Monument,Das,Denkmal,Denkmäler
Plum,Die,Pflaume,Pflaumen
Void,Das,Nichts,
Delay,Die,Verzögerung,Verzögerungen
Inspection,Die,Inspektion,Inspektionen
Essence,Die,Essenz,Essenzen
Cannon,Die,Kanone,Kanonen
Fringe,Die,Fransen,Fransen
Stereo,Die,Stereo,Stereo
Fella,Die,Fella,
Praise,Das,Lob,Lob
Penguin,Der,Pinguin,Pinguine
Torture,Die,Folter,Qualen
Stamp,Die,Briefmarke,Briefmarken
Particle,Die,Partikel,Partikel
Translator,Der,Übersetzer,Übersetzer
Easter,Das,Ostern,
Freeze,Das,Bank,Friert
Pew,Die,Pew,Bänke
Wad,Das,Bündel,Bündel
Panties,Das,Höschen,
Consideration,Die,Gegenleistung,
Spit,Der,Spieß,Spieße
Cooler,Der,Kühler,Kühler
Grill,Der,Grill,Grills
Jug,Der,Krug,Krüge
Nickname,Der,Spitzname,Spitznamen
Revolver,Der,Revolver,Revolver
Machinery,Die,Maschinen,Maschinen
Terrorist,Der,Terrorist,Terroristen
Laptop,Der,Laptop,Laptops
Offering,Das,Angebot,Angebot
Beak,Der,Schnabel,Schnäbel
Institution,Die,Institution,Institutionen
Comparison,Der,Vergleich,
Maker,Der,Macher,Macher
Insight,Die,Einsicht,Erkenntnisse
Sibling,Die,Geschwister,Geschwister
Wardrobe,Der,Kleiderschrank,Kleiderschränke
Flap,Die,Klappe,Klappen
Sole,Der,Sohle,Sohlen
Compassion,Das,Mitgefühl,
Ego,Das,Ego,Egos
Antenna,Die,Antennen,Antennen
Troll,Der,Troll,Trolle
Bookstore,Der,Bücherladen,Buchhandlungen
Coming,Die,Ankunft,Kommen
Objection,Der,Einwand,Einwände
Holder,Der,Halter,Halter
Backseat,Der,Rücksitz,Rücksitze
Ignorance,Die,Unwissenheit,
Budget,Der,Haushalt,Haushalte
Aircraft,Das,Flugzeug,Flugzeuge
Loaf,Der,Laib,Laibe
Extension,Die,Erweiterung,Verlängerungen
Freeway,Die,Autobahn,Autobahnen
Solitude,Die,Einsamkeit,Einsamkeit
Chemical,Die,Chemikalie,
Villager,Der,Dorfbewohner,Dorfbewohner
Perfection,Die,Perfektion,Vollkommen
Pope,Der,Papst,Päpste
Semester,Das,Semester,Semester
Liver,Die,Leber,Lebern
Saucer,Die,Untertasse,Untertassen
Urgency,Die,Dringlichkeit,
Volcano,Der,Vulkan,Vulkane
Spice,Die,Würze,Gewürze
Hostage,Die,Geisel,Geiseln
Choir,Der,Chor,Chöre
Dough,Der,Teig,Teige
Commotion,Die,Aufregung,
Courthouse,Das,Gerichtsgebäude,
Salmon,Der,Lachs,Lachse
Boxer,Der,Boxer,Boxer
Errand,Die,Besorgung,Besorgungen
Mechanism,Der,Mechanismen,Mechanismen
Telescope,Das,Teleskop,Teleskope
Ferry,Die,Fähre,Fähren
Nigger,Der,Nigger,Nigger
PasserBy,Der,Passant,Passanten
Irritation,Die,Reizung,Irritationen
Sedan,Die,Limousine,Limousinen
Commitment,Das,Engagement,
Coward,Der,Feigling,Feiglinge
Flare,Die,Fackel,Fackeln
Howl,Das,Heulen,Heulen
Fang,Die,Fang,Fänge
Roman,Die,Römer,Römer
Hue,Der,Farbton,Farbtöne
Discomfort,Das,Unbehagen,
Vent,Das,Entlüftungs,Lüftungsschlitze
Canoe,Das,Kanu,Kanus
Recipe,Das,Rezept,Rezepte
Hamburger,Der,Hamburger,Hamburger
Eave,Die,Traufe,Traufe
Barber,Der,Barbier,Barbiere
Passing,Das,Ableben,
Betrayal,Der,Verrat,
Sweatshirt,Das,Sweatshirt,Sweatshirts
Tentacle,Die,Tentakel,Tentakeln
Surf,Die,Brandung,Brandungen
Plaid,Das,Plaid,Plaids
Walkway,Der,Gehweg,Gehwege
Limp,Das,Hinken,Hinkt
Administration,Die,Verwaltung,Verwaltungen
Convenience,Die,Bequemlichkeit,
Diaper,Die,Windel,Windeln
Mole,Der,Maulwurf,Maulwürfe
Cleaner,Der,Reiniger,Reiniger
Grown up,Der,Erwachsene,Erwachsenen
Scan,Der,Scan,Scans
Clarity,Die,Klarheit,Klarheiten
Salon,Der,Salon,Salons
Producer,Der,Hersteller,Hersteller
Flying,Die,Flug,
Plea,Der,Rechtsmittelgrund,Rechtsmittelgründe
Prairie,Die,Prärie,Prärien
Passport,Der,Pass,Pässe
Alternative,Die,Alternative,Alternativen
Vanity,Die,Eitelkeit,Eitelkeiten
Dam,Der,Damm,Dämme
Abuse,Der,Missbrauch,Missbräuche
Olive,Die,Olive,Oliven
Miner,Der,Bergmann,Bergleute
Reserve,Die,Reserve,Reserven
Backup,Die,Sicherungs,Sicherungen
Intercom,Die,Gegensprechanlage,Gegensprechanlagen
Shawl,Der,Schal,Schale
Platter,Der,Platte,Platten
Implication,Die,Implikation,Implikationen
Rumble,Die,Rumpel,Rumpeln
Announcer,Der,Ansager,Ansager
Rubble,Die,Trümmer,Trümmern
Axe,Die,Axt,Äxte
Transmission,Die,Übertragungs,Übertragungen
Crib,Die,Krippe,Krippen
Hop,Die,Sprung,Hopfen
Graveyard,Der,Friedhof,Friedhöfe
Aroma,Das,Aroma,Aromen
Dialogue,Der,Dialog,Dialoge
Roller,Die,Rolle,Rollen
Congregation,Die,Gemeinde,Gemeindes
Terrain,Das,Gelände,Gelände
Transfer,Der,Transfer,Transfers
Luxury,Der,Luxus,Luxus
Auditorium,Das,Auditorium,Auditorien
Defeat,Die,Niederlage,Niederlagen
Haven,The,Haven,Oasen
Specimen,Die,Probe,Proben
Admission,Die,Zulassung,
Obsession,Die,Besessenheit,
Launch,Der,Start,Starte
Patsy,Der,Sündenbock,Sündenböcke
Dorm,Das,Wohnheim,Wohnheime
Saw,Die,Säge,Sägen
Til,Die,Til,Tils
Ape,Der,Affe,Affen
Collector,Der,Kollektor,Kollektoren
Earthquake,Das,Erdbeben,Erdbeben
Flake,Die,Flocke,Flocken
Syllable,Die,Silbe,Silben
Bouquet,Der,Blumenstrauß,Blumensträuße
Selection,Die,Auswahl,Auswahlen
Vow,Der,Schwur,Schwüre
Granddaughter,Die,Enkelin,Enkel
Symptom,Das,Symptom,Symptome
Scenario,Das,Szenario,Szenarien
Riot,Der,Aufstand,Aufstände
Timing,Das,Timing,
Burger,Der,Burger,Burger
Plus,Die,Plus,Pluspunkte
Sparrow,Der,Spatz,Spatzen
Embassy,Die,Botschaft,Botschaften
Podium,Das,Podium,Podestplätze
Accusation,Der,Vorwurf,Vorwürfe
Manor,Der,Gutshof,Gutshöfe
Shuffling,Das,Schlurfen,Shufflings
Dolphin,Der,Delfin,Delfine
Kettle,Der,Kessel,Kessel
Trooper,Der,Soldat,Soldaten
Salvation,Die,Rettung,Rettungen
Vet,Der,Tierarzt,Tierärzte
Runway,Die,Landebahn,Landebahnen
Poppy,Der,Mohn,Mohn
Upstairs,Das,Obergeschoß,Obergeschoße
Lava,Die,Lava,Laven
Inspiration,Die,Inspiration,Inspirationen
Bosom,Der,Busen,Busen
Intruder,Der,Eindringling,Eindringlinge
Supermarket,Der,Supermarkt,Supermärkte
Trophy,Die,Trophäe,Trophäen
Jealousy,Die,Eifersucht,
Warden,Der,Wächter,Wächter
Passageway,Der,Durchgang,Durchgänge
Marina,Der,Yachthafen,Yachthäfen
Farewell,Das,Lebewohl,Abschiede
Belongings,Die,Gegenstände,Zugehörigkeit
Procession,Die,Prozession,Prozessionen
Astronaut,Der,Astronaut,Astronauten
Crotch,Der,Gabelung,Gabelungen
Sweep,Der,Schwung,Schwünge
Recovery,Die,Wiederherstellung,Wiederherstellungen
Harness,Der,Kabelbaum,Kabelbäume
Anguish,Die,Angst,Ängste
Logo,Das,Logo,Logos
Litter,Der,Wurf,Würfe
Marine,Die,Marine,Marines
Resentment,Der,Groll,Ressentiments
Gypsy,Der,Zigeuner,Zigeuner
Imitation,Die,Nachahmung,Imitationen
Employer,Der,Arbeitgeber,Arbeitgeber
Freshman,Der,Neuling,Freshmans
Phenomenon,Das,Phänomen,Phänomene
Flute,Die,Flöte,Flöten
Greek,Der,Grieche,Griechen
Forefinger,Der,Zeigefinger,Zeigefingern
Burial,Das,Begräbnis,Bestattungen
Republic,Die,Republik,Republiken
Emerald,Der,Smaragd,Smaragde
Bathrobe,Der,Bademantel,Bademäntel
Testimony,Das,Zeugnis,Zeugenaussagen
Hinge,Das,Scharnier,Scharniere
Bakery,Die,Bäckerei,Bäckereien
Context,Der,Kontext,Kontexte
Bargain,Das,Schnäppchen,Schnäppchen
Saying,Das,Sprichwort,Sprichwörter
Foreman,Der,Vorarbeiter,Foremans
Swan,Der,Schwan,Schwäne
Flannel,Die,Flanell,Flanelle
Indication,Die,Indikation;Anzeige,Indikationen;Anzeigen
Significance,Die,Signifikanz,
Beetle,Der,Käfer,Käfer
Learning,Das,Lernen,
Pub,Das,Lokal,Lokale
Fraction,Die,Fraktion,Fraktionen
Trout,Die,Forelle,Forellen
Crust,Die,Kruste,Krusten
Overcoat,Die,Überzugs,Mäntel
Glint,Das,Glitzern,Reflexen
Medal,Die,Medaille,Medaillen
Perception,Die,Wahrnehmung,Wahrnehmungen
Welcome,Das,Willkommen,Willkommen
Dictionary,Das,Wörterbuch,Wörterbücher
Metaphor,Die,Metapher,Metaphern
Poverty,Die,Armut,
Main,Das,Haupt,Häupter
Climb,Der,Anstieg,Anstiege
Leash,Die,Leine,Leinen